,西元,月,日,r,分,秒
小寒,1900,1,6,2,9,49.56
大寒,1900,1,20,19,38,16.66
立春,1900,2,4,13,57,22.28
雨水,1900,2,19,10,7,5.723
@U,1900,3,6,8,27,42.79
春分,1900,3,21,9,44,52.62
清明,1900,4,5,13,58,31.97
b雨,1900,4,20,21,32,58.29
立夏,1900,5,6,8,1,3.655
小M,1900,5,21,21,22,47.84
芒N,1900,6,6,12,44,47.86
夏至,1900,6,22,5,45,38.45
小暑,1900,7,7,23,16,1.44
大暑,1900,7,23,16,41,59.77
立秋,1900,8,8,8,56,26.67
暑,1900,8,23,23,25,41.52
白露,1900,9,8,11,22,30.02
秋分,1900,9,23,20,26,2.717
寒露,1900,10,9,2,19,0.704
霜降,1900,10,24,5,1,8.132
立冬,1900,11,8,4,45,35.81
小雪,1900,11,23,1,53,42.38
大雪,1900,12,7,21,1,42.85
冬至,1900,12,22,14,47,25.72
小寒,1901,1,6,7,59,14.88
大寒,1901,1,21,1,22,18.83
立春,1901,2,4,19,45,43.33
雨水,1901,2,19,15,50,45.69
@U,1901,3,6,14,16,43.94
春分,1901,3,21,15,29,26.36
清明,1901,4,5,19,50,12.45
b雨,1901,4,21,3,19,16.85
立夏,1901,5,6,13,56,15.23
小M,1901,5,22,3,10,31.22
芒N,1901,6,6,18,42,18.97
夏至,1901,6,22,11,33,39.15
小暑,1901,7,8,5,13,26.61
大暑,1901,7,23,22,29,38.38
立秋,1901,8,8,14,51,58.28
暑,1901,8,24,5,13,20.8
白露,1901,9,8,17,16,6.96
秋分,1901,9,24,2,14,47.66
寒露,1901,10,9,8,12,19.86
霜降,1901,10,24,10,52,5.539
立冬,1901,11,8,10,40,22.28
小雪,1901,11,23,7,47,5.361
大雪,1901,12,8,2,58,30.52
冬至,1901,12,22,20,42,27.8
小寒,1902,1,6,13,57,25.67
大寒,1902,1,21,7,17,47.61
立春,1902,2,5,1,44,0.092
雨水,1902,2,19,21,45,33.14
@U,1902,3,6,20,13,23.01
春分,1902,3,21,21,22,24.8
清明,1902,4,6,1,43,17.38
b雨,1902,4,21,9,9,59.65
立夏,1902,5,6,19,44,39.68
小M,1902,5,22,8,59,23.72
芒N,1902,6,7,0,25,39.29
夏至,1902,6,22,17,20,59.09
小暑,1902,7,8,10,52,11.84
大暑,1902,7,24,4,15,42.58
立秋,1902,8,8,20,28,7.768
暑,1902,8,24,10,58,53.45
白露,1902,9,8,22,52,17.1
秋分,1902,9,24,8,1,11.41
寒露,1902,10,9,13,51,1.376
霜降,1902,10,24,16,41,29.63
立冬,1902,11,8,16,23,37.31
小雪,1902,11,23,13,41,16.07
大雪,1902,12,8,8,46,53.13
冬至,1902,12,23,2,41,22.95
小寒,1903,1,6,19,49,34.53
大寒,1903,1,21,13,19,23.13
立春,1903,2,5,7,37,7.868
雨水,1903,2,20,3,46,39.45
@U,1903,3,7,2,4,43.86
春分,1903,3,22,3,20,37.73
清明,1903,4,6,7,31,45.57
b雨,1903,4,21,15,4,30.06
立夏,1903,5,7,1,31,13.94
小M,1903,5,22,14,50,52.73
芒N,1903,6,7,6,12,59.15
夏至,1903,6,22,23,10,47.27
小暑,1903,7,8,16,42,27.55
大暑,1903,7,24,10,4,37.05
立秋,1903,8,9,2,21,40.76
暑,1903,8,24,16,47,27.05
白露,1903,9,9,4,48,12.04
秋分,1903,9,24,13,49,32.5
寒露,1903,10,9,19,47,34.46
霜降,1903,10,24,22,28,54.2
立冬,1903,11,8,22,19,13.92
小雪,1903,11,23,19,27,16.1
大雪,1903,12,8,14,41,10.46
冬至,1903,12,23,8,26,16.84
小寒,1904,1,7,1,42,54.08
大寒,1904,1,21,19,3,41.99
立春,1904,2,5,13,29,58.62
雨水,1904,2,20,9,30,41.74
@U,1904,3,6,7,57,30.04
春分,1904,3,21,9,4,24.39
清明,1904,4,5,13,24,42.11
b雨,1904,4,20,20,47,59.88
立夏,1904,5,6,7,24,25.72
小M,1904,5,21,20,34,47.42
芒N,1904,6,6,12,6,49.26
夏至,1904,6,22,4,57,12
小暑,1904,7,7,22,37,32.86
大暑,1904,7,23,15,55,26.46
立秋,1904,8,8,8,17,42.68
暑,1904,8,23,22,42,15.45
白露,1904,9,8,10,43,50.15
秋分,1904,9,23,19,46,3.867
寒露,1904,10,9,1,41,26.36
霜降,1904,10,24,4,24,53.77
立冬,1904,11,8,4,10,50.55
小雪,1904,11,23,1,21,44.11
大雪,1904,12,7,20,31,12.85
冬至,1904,12,22,14,19,47.68
小寒,1905,1,6,7,32,58.89
大寒,1905,1,21,0,57,46.48
立春,1905,2,4,19,21,40
雨水,1905,2,19,15,26,48.53
@U,1905,3,6,13,51,26.92
春分,1905,3,21,15,3,22.25
清明,1905,4,5,19,20,19.76
b雨,1905,4,21,2,49,35.88
立夏,1905,5,6,13,19,55.58
小M,1905,5,22,2,37,7.526
芒N,1905,6,6,17,59,24.86
夏至,1905,6,22,10,57,13.26
小暑,1905,7,8,4,25,50.89
大暑,1905,7,23,21,51,28.44
立秋,1905,8,8,14,2,48.19
暑,1905,8,24,4,34,27.91
白露,1905,9,8,16,27,37.68
秋分,1905,9,24,1,35,48.2
寒露,1905,10,9,7,25,27.27
霜降,1905,10,24,10,13,47.24
立冬,1905,11,8,9,55,37.8
小雪,1905,11,23,7,10,44.93
大雪,1905,12,8,2,16,38.77
冬至,1905,12,22,20,9,33.25
小寒,1906,1,6,13,19,18.59
大寒,1906,1,21,6,49,6.536
立春,1906,2,5,1,9,44.59
雨水,1906,2,19,21,20,19.36
@U,1906,3,6,19,41,57.21
春分,1906,3,21,20,58,39.15
清明,1906,4,6,1,13,7.786
b雨,1906,4,21,8,45,2.004
立夏,1906,5,6,19,14,19.49
小M,1906,5,22,8,30,46.57
芒N,1906,6,6,23,54,45.62
夏至,1906,6,22,16,47,39.19
小暑,1906,7,8,10,21,7.155
大暑,1906,7,24,3,38,23.47
立秋,1906,8,8,19,57,25.73
暑,1906,8,24,10,19,23.06
白露,1906,9,8,22,22,4.489
秋分,1906,9,24,7,20,50.74
寒露,1906,10,9,13,20,45.65
霜降,1906,10,24,16,0,34.72
立冬,1906,11,8,15,52,45.53
小雪,1906,11,23,12,59,42.55
大雪,1906,12,8,8,15,17.73
冬至,1906,12,23,1,59,8.984
小寒,1907,1,6,19,17,16.05
大寒,1907,1,21,12,36,38.7
立春,1907,2,5,7,4,39.68
雨水,1907,2,20,3,4,9.213
@U,1907,3,7,1,32,56.41
春分,1907,3,22,2,38,50.86
清明,1907,4,6,7,0,38.08
b雨,1907,4,21,14,23,3.987
立夏,1907,5,7,0,59,27.43
小M,1907,5,22,14,9,6
芒N,1907,6,7,5,38,48.72
夏至,1907,6,22,22,28,51.12
小暑,1907,7,8,16,5,1.543
大暑,1907,7,24,9,23,48.16
立秋,1907,8,9,1,41,49.27
暑,1907,8,24,16,9,14.74
白露,1907,9,9,4,7,54.35
秋分,1907,9,24,13,14,44.99
寒露,1907,10,9,19,8,34.06
霜降,1907,10,24,21,57,23.44
立冬,1907,11,8,21,42,9.208
小雪,1907,11,23,18,57,55.22
大雪,1907,12,8,14,5,18.21
冬至,1907,12,23,7,57,23.94
小寒,1908,1,7,1,6,58.96
大寒,1908,1,21,18,33,55.62
立春,1908,2,5,12,53,5.442
雨水,1908,2,20,8,59,45.46
@U,1908,3,6,7,19,26.67
春分,1908,3,21,8,33,4.909
清明,1908,4,5,12,45,37.95
b雨,1908,4,20,20,17,5.996
立夏,1908,5,6,6,44,11.09
小M,1908,5,21,20,3,58.04
芒N,1908,6,6,11,24,54.69
夏至,1908,6,22,4,24,53.81
小暑,1908,7,7,21,53,51.82
大暑,1908,7,23,15,19,57.08
立秋,1908,8,8,7,32,34.4
暑,1908,8,23,22,2,51.31
白露,1908,9,8,9,58,9.389
秋分,1908,9,23,19,4,7.101
寒露,1908,10,9,0,56,43.19
霜降,1908,10,24,3,42,39.68
立冬,1908,11,8,3,27,53.76
小雪,1908,11,23,0,40,29.4
大雪,1908,12,7,19,49,29.36
冬至,1908,12,22,13,39,16.63
小寒,1909,1,6,6,51,5.571
大寒,1909,1,21,0,16,47.81
立春,1909,2,4,18,38,23.74
雨水,1909,2,19,14,44,12.48
@U,1909,3,6,13,6,39.12
春分,1909,3,21,14,18,48.27
清明,1909,4,5,18,35,16.5
b雨,1909,4,21,2,3,36.52
立夏,1909,5,6,12,36,40.75
小M,1909,5,22,1,50,43.65
芒N,1909,6,6,17,19,47.6
夏至,1909,6,22,10,11,23.4
小暑,1909,7,8,3,49,49.07
大暑,1909,7,23,21,6,18.74
立秋,1909,8,8,13,28,20.17
暑,1909,8,24,3,49,23.15
白露,1909,9,8,15,52,26.69
秋分,1909,9,24,0,50,21.76
寒露,1909,10,9,6,48,59.15
霜降,1909,10,24,9,28,22.36
立冬,1909,11,8,9,18,54.87
小雪,1909,11,23,6,26,6.337
大雪,1909,12,8,1,40,41.24
冬至,1909,12,22,19,25,38.83
小寒,1910,1,6,12,43,49.12
大寒,1910,1,21,6,4,48.35
立春,1910,2,5,0,33,14.17
雨水,1910,2,19,20,33,59.07
@U,1910,3,6,19,2,23.05
春分,1910,3,21,20,8,43.68
清明,1910,4,6,0,28,47.22
b雨,1910,4,21,7,51,33.76
立夏,1910,5,6,18,25,11.38
小M,1910,5,22,7,35,59.69
芒N,1910,6,6,23,2,12.71
夏至,1910,6,22,15,54,32.73
小暑,1910,7,8,9,26,53.78
大暑,1910,7,24,2,48,47.8
立秋,1910,8,8,19,3,1.424
暑,1910,8,24,9,33,12.02
白露,1910,9,8,21,28,2.978
秋分,1910,9,24,6,36,34.79
寒露,1910,10,9,12,26,58.31
霜降,1910,10,24,15,16,58.22
立冬,1910,11,8,14,59,16.12
小雪,1910,11,23,12,16,41.18
大雪,1910,12,8,7,22,45.69
冬至,1910,12,23,1,17,34.78
小寒,1911,1,6,18,26,45.16
大寒,1911,1,21,11,57,15.82
立春,1911,2,5,6,16,8.601
雨水,1911,2,20,2,26,9.208
@U,1911,3,7,0,44,41.8
春分,1911,3,22,2,0,12.32
清明,1911,4,6,6,10,22.7
b雨,1911,4,21,13,41,46.94
立夏,1911,5,7,0,6,8.779
小M,1911,5,22,13,24,24.52
芒N,1911,6,7,4,43,43.64
夏至,1911,6,22,21,41,22.48
小暑,1911,7,8,15,10,46.32
大暑,1911,7,24,8,34,29.28
立秋,1911,8,9,0,50,15.75
暑,1911,8,24,15,18,48.6
白露,1911,9,9,3,19,6.977
秋分,1911,9,24,12,23,22.2
寒露,1911,10,9,18,20,46.18
霜降,1911,10,24,21,4,2.238
立冬,1911,11,8,20,52,50.95
小雪,1911,11,23,18,1,45.03
大雪,1911,12,8,13,13,25.25
冬至,1911,12,23,6,59,1.472
小寒,1912,1,7,0,13,20.34
大寒,1912,1,21,17,34,57.83
立春,1912,2,5,11,59,23
雨水,1912,2,20,8,1,25.79
@U,1912,3,6,6,26,50.61
春分,1912,3,21,7,35,10.51
清明,1912,4,5,11,54,5.966
b雨,1912,4,20,19,18,11.68
立夏,1912,5,6,5,52,53.85
小M,1912,5,21,19,2,56.9
芒N,1912,6,6,10,33,20.55
夏至,1912,6,22,3,22,42.54
小暑,1912,7,7,21,2,33.86
大暑,1912,7,23,14,19,31.18
立秋,1912,8,8,6,43,3.974
暑,1912,8,23,21,7,10.13
白露,1912,9,8,9,11,31.62
秋分,1912,9,23,18,13,50.31
寒露,1912,10,9,0,12,34.47
霜降,1912,10,24,2,55,51.3
立冬,1912,11,8,2,44,30.35
小雪,1912,11,22,23,53,59.82
大雪,1912,12,7,19,4,45.44
冬至,1912,12,22,12,50,31.11
小寒,1913,1,6,6,3,46.02
大寒,1913,1,20,23,24,56.17
立春,1913,2,4,17,48,29.64
雨水,1913,2,19,13,50,3.328
@U,1913,3,6,12,14,49.14
春分,1913,3,21,13,23,46.68
清明,1913,4,5,17,41,42.32
b雨,1913,4,21,1,8,41.78
立夏,1913,5,6,11,40,30.07
小M,1913,5,22,0,55,41.86
芒N,1913,6,6,16,19,15.74
夏至,1913,6,22,9,15,18.08
小暑,1913,7,8,2,44,43.97
大暑,1913,7,23,20,9,33.33
立秋,1913,8,8,12,21,39.02
暑,1913,8,24,2,54,2.056
白露,1913,9,8,14,48,13.89
秋分,1913,9,23,23,58,34.27
寒露,1913,10,9,5,49,29.77
霜降,1913,10,24,8,40,40.8
立冬,1913,11,8,8,23,32.81
小雪,1913,11,23,5,41,3.967
大雪,1913,12,8,0,46,52.51
冬至,1913,12,22,18,40,42.33
小寒,1914,1,6,11,48,42.75
大寒,1914,1,21,5,17,39.45
立春,1914,2,4,23,35,8.112
雨水,1914,2,19,19,43,45.11
@U,1914,3,6,18,1,41
春分,1914,3,21,19,16,32.63
清明,1914,4,5,23,27,41.78
b雨,1914,4,21,6,59,2.801
立夏,1914,5,6,17,25,53.06
小M,1914,5,22,6,43,27.85
芒N,1914,6,6,22,5,47.08
夏至,1914,6,22,15,0,51.46
小暑,1914,7,8,8,33,3.381
大暑,1914,7,24,1,52,44.9
立秋,1914,8,8,18,11,3.015
暑,1914,8,24,8,35,25.8
白露,1914,9,8,20,38,17.95
秋分,1914,9,24,5,39,36.75
寒露,1914,10,9,11,40,38.21
霜降,1914,10,24,14,23,5.303
立冬,1914,11,8,14,16,51.8
小雪,1914,11,23,11,26,11.26
大雪,1914,12,8,6,42,56.75
冬至,1914,12,23,0,28,13.86
小寒,1915,1,6,17,46,7.642
大寒,1915,1,21,11,5,21.66
立春,1915,2,5,5,31,16.36
雨水,1915,2,20,1,28,54.35
@U,1915,3,6,23,54,6.526
春分,1915,3,22,0,57,5.717
清明,1915,4,6,5,15,5.26
b雨,1915,4,21,12,34,37.39
立夏,1915,5,6,23,8,35.08
小M,1915,5,22,12,16,14.91
芒N,1915,6,7,3,45,57.8
夏至,1915,6,22,20,35,11.35
小暑,1915,7,8,14,13,36.05
大暑,1915,7,24,7,32,13
立秋,1915,8,8,23,53,32.7
暑,1915,8,24,14,20,50.52
白露,1915,9,9,2,22,56.51
秋分,1915,9,24,11,29,36.77
寒露,1915,10,9,17,26,43.29
霜降,1915,10,24,20,15,29.62
立冬,1915,11,8,20,3,28.57
小雪,1915,11,23,17,19,17.8
大雪,1915,12,8,12,29,44.36
冬至,1915,12,23,6,21,35.68
小寒,1916,1,6,23,33,38.65
大寒,1916,1,21,16,59,24.67
立春,1916,2,5,11,19,50.38
雨水,1916,2,20,7,23,49.6
@U,1916,3,6,5,43,13.08
春分,1916,3,21,6,52,41.71
清明,1916,4,5,11,3,41.17
b雨,1916,4,20,18,30,26.47
立夏,1916,5,6,4,55,38.32
小M,1916,5,21,18,11,41.84
芒N,1916,6,6,9,31,32.14
夏至,1916,6,22,2,30,13.97
小暑,1916,7,7,19,59,25.81
大暑,1916,7,23,13,27,0.426
立秋,1916,8,8,5,40,47.79
暑,1916,8,23,20,14,22.36
白露,1916,9,8,8,10,51.13
秋分,1916,9,23,17,20,34.43
寒露,1916,10,8,23,13,42.3
霜降,1916,10,24,2,3,2.329
立冬,1916,11,8,1,48,6.62
小雪,1916,11,22,23,3,36.55
大雪,1916,12,7,18,12,1.618
冬至,1916,12,22,12,4,22.63
小寒,1917,1,6,5,15,19.42
大寒,1917,1,20,22,43,11.1
立春,1917,2,4,17,3,23.49
雨水,1917,2,19,13,10,36.95
@U,1917,3,6,11,30,38.61
春分,1917,3,21,12,43,3.478
清明,1917,4,5,16,55,44.46
b雨,1917,4,21,0,23,13.72
立夏,1917,5,6,10,51,32.9
小M,1917,5,22,0,4,23.36
芒N,1917,6,6,15,29,2.361
夏至,1917,6,22,8,20,8.181
小暑,1917,7,8,1,56,4.433
大暑,1917,7,23,19,13,36.81
立秋,1917,8,8,11,35,58.56
暑,1917,8,24,1,59,29.71
白露,1917,9,8,14,5,10.78
秋分,1917,9,23,23,5,58.25
寒露,1917,10,9,5,7,58.6
霜降,1917,10,24,7,49,29.08
立冬,1917,11,8,7,42,45.64
小雪,1917,11,23,4,50,44.44
大雪,1917,12,8,0,6,51.5
冬至,1917,12,22,17,51,29.96
小寒,1918,1,6,11,10,16.24
大寒,1918,1,21,4,30,23.19
立春,1918,2,4,22,58,57.1
雨水,1918,2,19,18,58,31.54
@U,1918,3,6,17,26,47.01
春分,1918,3,21,18,31,26.56
清明,1918,4,5,22,51,2.746
b雨,1918,4,21,6,11,12.76
立夏,1918,5,6,16,44,2.451
小M,1918,5,22,5,51,18.23
芒N,1918,6,6,21,16,49.6
夏至,1918,6,22,14,5,25.72
小暑,1918,7,8,7,37,59.7
大暑,1918,7,24,0,57,14.22
立秋,1918,8,8,17,13,16.03
暑,1918,8,24,7,42,58.06
白露,1918,9,8,19,41,17.99
秋分,1918,9,24,4,51,27.84
寒露,1918,10,9,10,46,8.61
霜降,1918,10,24,13,38,36.31
立冬,1918,11,8,13,24,43.08
小雪,1918,11,23,10,43,52.72
大雪,1918,12,8,5,52,21.5
冬至,1918,12,22,23,47,19.1
小寒,1919,1,6,16,57,19.83
大寒,1919,1,21,10,26,31.96
立春,1919,2,5,4,45,14.56
雨水,1919,2,20,0,53,16.6
@U,1919,3,6,23,11,19.84
春分,1919,3,22,0,24,56.61
清明,1919,4,6,4,34,33.68
b雨,1919,4,21,12,4,27.04
立夏,1919,5,6,22,27,51.64
小M,1919,5,22,11,44,56.18
芒N,1919,6,7,3,2,28.94
夏至,1919,6,22,19,59,23.41
小暑,1919,7,8,13,26,23.28
大暑,1919,7,24,6,50,19.29
立秋,1919,8,8,23,3,52.81
暑,1919,8,24,13,34,9.277
白露,1919,9,9,1,33,29.17
秋分,1919,9,24,10,41,11.07
寒露,1919,10,9,16,39,11.43
霜降,1919,10,24,19,27,6.917
立冬,1919,11,8,19,17,22.74
小雪,1919,11,23,16,31,1.152
大雪,1919,12,8,11,43,40.07
冬至,1919,12,23,5,32,54.13
小寒,1920,1,6,22,46,39.46
大寒,1920,1,21,16,10,11.39
立春,1920,2,5,10,32,18.28
雨水,1920,2,20,6,34,48.49
@U,1920,3,6,4,56,53.75
春分,1920,3,21,6,5,6.602
清明,1920,4,5,10,20,46.17
b雨,1920,4,20,17,44,57.93
立夏,1920,5,6,4,17,8.747
小M,1920,5,21,17,27,34.2
芒N,1920,6,6,8,56,14.42
夏至,1920,6,22,1,45,37.83
小暑,1920,7,7,19,24,28.07
大暑,1920,7,23,12,40,45.08
立秋,1920,8,8,5,4,5.93
暑,1920,8,23,19,27,6.077
白露,1920,9,8,7,32,23.8
秋分,1920,9,23,16,33,56.1
寒露,1920,10,8,22,35,1.044
霜降,1920,10,24,1,18,29.93
立冬,1920,11,8,1,10,46.69
小雪,1920,11,22,22,21,15.19
大雪,1920,12,7,17,36,8.622
冬至,1920,12,22,11,22,47.79
小寒,1921,1,6,4,39,32.4
大寒,1921,1,20,22,0,30.49
立春,1921,2,4,16,26,3.209
雨水,1921,2,19,12,25,47.98
@U,1921,3,6,10,50,59.85
春分,1921,3,21,11,56,50.65
清明,1921,4,5,16,14,32.88
b雨,1921,4,20,23,38,6.315
立夏,1921,5,6,10,10,9.515
小M,1921,5,21,23,22,33.76
芒N,1921,6,6,14,47,18.31
夏至,1921,6,22,7,41,27.86
小暑,1921,7,8,1,12,26.41
大暑,1921,7,23,18,36,6.117
立秋,1921,8,8,10,49,16.8
暑,1921,8,24,1,20,58.3
白露,1921,9,8,13,15,30.68
秋分,1921,9,23,22,25,33.97
寒露,1921,10,9,4,16,27.88
霜降,1921,10,24,7,8,7.402
立冬,1921,11,8,6,51,21.69
小雪,1921,11,23,4,10,20.1
大雪,1921,12,7,23,17,17.27
冬至,1921,12,22,17,13,14.95
小寒,1922,1,6,10,22,46.62
大寒,1922,1,21,3,53,45.67
立春,1922,2,4,22,12,16.12
雨水,1922,2,19,18,21,59.98
@U,1922,3,6,16,39,41.27
春分,1922,3,21,17,54,24.39
清明,1922,4,5,22,3,52.31
b雨,1922,4,21,5,34,23.48
立夏,1922,5,6,15,58,43.05
小M,1922,5,22,5,16,4.816
芒N,1922,6,6,20,36,7.623
夏至,1922,6,22,13,32,30.81
小暑,1922,7,8,7,3,17.58
大暑,1922,7,24,0,25,29.48
立秋,1922,8,8,16,42,59.36
暑,1922,8,24,7,10,0.566
白露,1922,9,8,19,12,10.49
秋分,1922,9,24,4,15,22.95
寒露,1922,10,9,10,15,16.86
霜降,1922,10,24,12,58,43.84
立冬,1922,11,8,12,51,3.64
小雪,1922,11,23,10,1,1.76
大雪,1922,12,8,5,16,30.85
冬至,1922,12,22,23,2,44.55
小寒,1923,1,6,16,19,51.88
大寒,1923,1,21,9,40,37.34
立春,1923,2,5,4,6,8.559
雨水,1923,2,20,0,5,32.38
@U,1923,3,6,22,30,17.36
春分,1923,3,21,23,34,33.86
清明,1923,4,6,3,51,38.27
b雨,1923,4,21,11,11,25.5
立夏,1923,5,6,21,44,6.382
小M,1923,5,22,10,51,5.927
芒N,1923,6,7,2,20,10.08
夏至,1923,6,22,19,8,33.58
小暑,1923,7,8,12,48,3.29
大暑,1923,7,24,6,6,20.61
立秋,1923,8,8,22,30,20.45
暑,1923,8,24,12,57,37.48
白露,1923,9,9,1,3,0.938
秋分,1923,9,24,10,9,22.31
寒露,1923,10,9,16,9,14.31
霜降,1923,10,24,18,56,41.61
立冬,1923,11,8,18,46,12.49
小雪,1923,11,23,15,59,28.31
大雪,1923,12,8,11,10,26.07
冬至,1923,12,23,4,59,4.798
小寒,1924,1,6,22,11,25.37
大寒,1924,1,21,15,34,11.39
立春,1924,2,5,9,55,24.65
雨水,1924,2,20,5,57,7.523
@U,1924,3,6,4,18,4.456
春分,1924,3,21,5,25,56
清明,1924,4,5,9,38,59.51
b雨,1924,4,20,17,4,24.09
立夏,1924,5,6,3,31,31.05
小M,1924,5,21,16,46,16.31
芒N,1924,6,6,8,7,23.29
夏至,1924,6,22,1,5,10.93
小暑,1924,7,7,18,35,16.77
大暑,1924,7,23,12,3,20
立秋,1924,8,8,4,18,6.465
暑,1924,8,23,18,53,45.68
白露,1924,9,8,6,51,22.59
秋分,1924,9,23,16,4,5.126
寒露,1924,10,8,21,58,1.392
霜降,1924,10,24,0,50,14.38
立冬,1924,11,8,0,35,4.322
小雪,1924,11,22,21,52,14.29
大雪,1924,12,7,16,58,51.79
冬至,1924,12,22,10,51,16.96
小寒,1925,1,6,3,59,6.437
大寒,1925,1,20,21,26,0.818
立春,1925,2,4,15,42,37.08
雨水,1925,2,19,11,48,52.32
@U,1925,3,6,10,5,41.35
春分,1925,3,21,11,17,59.22
清明,1925,4,5,15,28,18.68
b雨,1925,4,20,22,56,57.25
立夏,1925,5,6,9,23,41.98
小M,1925,5,21,22,38,45.69
芒N,1925,6,6,14,2,14.14
夏至,1925,6,22,6,55,46.59
小暑,1925,7,8,0,30,46.65
大暑,1925,7,23,17,50,39.7
立秋,1925,8,8,10,12,57.21
暑,1925,8,24,0,38,57.06
白露,1925,9,8,12,45,53.45
秋分,1925,9,23,21,49,11.76
寒露,1925,10,9,3,53,13.97
霜降,1925,10,24,6,36,54.63
立冬,1925,11,8,6,32,5.038
小雪,1925,11,23,3,41,16.47
大雪,1925,12,7,22,58,9.147
冬至,1925,12,22,16,42,26.99
小寒,1926,1,6,10,0,9.087
大寒,1926,1,21,3,18,15.77
立春,1926,2,4,21,44,6.508
雨水,1926,2,19,17,40,34.66
@U,1926,3,6,16,5,32.34
春分,1926,3,21,17,6,58.73
清明,1926,4,5,21,24,9.186
b雨,1926,4,21,4,41,54.15
立夏,1926,5,6,15,14,12.46
小M,1926,5,22,4,20,18.05
芒N,1926,6,6,19,47,29.81
夏至,1926,6,22,12,35,49.51
小暑,1926,7,8,6,11,28.05
大暑,1926,7,23,23,30,35.98
立秋,1926,8,8,15,50,4.277
暑,1926,8,24,6,19,45.83
白露,1926,9,8,18,21,43.51
秋分,1926,9,24,3,32,24.72
寒露,1926,10,9,9,30,43.39
霜降,1926,10,24,12,24,5.924
立冬,1926,11,8,12,13,33.15
小雪,1926,11,23,9,33,23.57
大雪,1926,12,8,4,44,30.37
冬至,1926,12,22,22,39,8.849
小寒,1927,1,6,15,50,28.19
大寒,1927,1,21,9,17,39.32
立春,1927,2,5,3,35,53.5
雨水,1927,2,19,23,40,5.15
@U,1927,3,6,21,56,7.994
春分,1927,3,21,23,4,53.42
清明,1927,4,6,3,11,57.31
b雨,1927,4,21,10,37,29.51
立夏,1927,5,6,20,58,54.28
小M,1927,5,22,10,13,39.33
芒N,1927,6,7,1,30,35.96
夏至,1927,6,22,18,27,58.76
小暑,1927,7,8,11,55,47.59
大暑,1927,7,24,5,22,32.64
立秋,1927,8,8,21,37,16.02
暑,1927,8,24,12,11,15.82
白露,1927,9,9,0,11,17.44
秋分,1927,9,24,9,22,44.23
寒露,1927,10,9,15,20,56.48
霜降,1927,10,24,18,12,29.26
立冬,1927,11,8,18,2,45.29
小雪,1927,11,23,15,19,46.96
大雪,1927,12,8,10,32,10.15
冬至,1927,12,23,4,24,17.5
小寒,1928,1,6,21,31,10.85
大寒,1928,1,21,14,56,36.03
立春,1928,2,5,9,16,21.89
雨水,1928,2,20,5,19,12.37
@U,1928,3,6,3,37,14.52
春分,1928,3,21,4,44,11.22
清明,1928,4,5,8,54,31.51
b雨,1928,4,20,16,16,39.75
立夏,1928,5,6,2,43,28.46
小M,1928,5,21,15,52,17.59
芒N,1928,6,6,7,17,8.197
夏至,1928,6,22,0,6,22.2
小暑,1928,7,7,17,44,15.37
大暑,1928,7,23,11,2,14.6
立秋,1928,8,8,3,27,30.12
暑,1928,8,23,17,53,5.81
白露,1928,9,8,6,1,45.41
秋分,1928,9,23,15,5,26.43
寒露,1928,10,8,21,9,51.76
霜降,1928,10,23,23,54,28.66
立冬,1928,11,7,23,49,30.09
小雪,1928,11,22,21,0,12.48
大雪,1928,12,7,16,17,16.85
冬至,1928,12,22,10,3,36.45
小寒,1929,1,6,3,22,1.376
大寒,1929,1,20,20,42,11.21
立春,1929,2,4,15,8,42.89
雨水,1929,2,19,11,6,48.99
@U,1929,3,6,9,31,57.97
春分,1929,3,21,10,34,46.55
清明,1929,4,5,14,51,13.3
b雨,1929,4,20,22,10,15.54
立夏,1929,5,6,8,40,19.61
小M,1929,5,21,21,47,32.88
芒N,1929,6,6,13,10,48.23
夏至,1929,6,22,6,0,33.11
小暑,1929,7,7,23,31,38.71
大暑,1929,7,23,16,53,14.57
立秋,1929,8,8,9,8,41.86
暑,1929,8,23,23,41,12.81
白露,1929,9,8,11,39,34.62
秋分,1929,9,23,20,52,14.92
寒露,1929,10,9,2,47,1.635
霜降,1929,10,24,5,41,23.38
立冬,1929,11,8,5,27,27.09
小雪,1929,11,23,2,48,2.313
大雪,1929,12,7,21,56,24.56
冬至,1929,12,22,15,52,41.17
小寒,1930,1,6,9,2,32.36
大寒,1930,1,21,2,32,56.43
立春,1930,2,4,20,51,7.498
雨水,1930,2,19,16,59,45.22
@U,1930,3,6,15,16,34.11
春分,1930,3,21,16,29,42
清明,1930,4,5,20,37,22.89
b雨,1930,4,21,4,5,44.56
立夏,1930,5,6,14,26,59.37
小M,1930,5,22,3,41,58.94
芒N,1930,6,6,18,58,2.26
夏至,1930,6,22,11,52,46.3
小暑,1930,7,8,5,19,40.15
大暑,1930,7,23,22,41,55.58
立秋,1930,8,8,14,56,57.94
暑,1930,8,24,5,26,17.55
白露,1930,9,8,17,28,22.19
秋分,1930,9,24,2,35,52.86
寒露,1930,10,9,8,37,27.29
霜降,1930,10,24,11,25,56.15
立冬,1930,11,8,11,20,10.82
小雪,1930,11,23,8,34,25.14
大雪,1930,12,8,3,50,37.05
冬至,1930,12,22,21,39,29.62
小寒,1931,1,6,14,55,34.98
大寒,1931,1,21,8,17,27.32
立春,1931,2,5,2,40,37.14
雨水,1931,2,19,22,40,13.88
@U,1931,3,6,21,2,5.401
春分,1931,3,21,22,6,13.98
清明,1931,4,6,2,20,23.99
b雨,1931,4,21,9,39,44.17
立夏,1931,5,6,20,9,33.19
小M,1931,5,22,9,15,21.45
芒N,1931,6,7,0,41,44.52
夏至,1931,6,22,17,28,0.367
小暑,1931,7,8,11,5,34.77
大暑,1931,7,24,4,21,20.04
立秋,1931,8,8,20,44,53.66
暑,1931,8,24,11,10,13.35
白露,1931,9,8,23,17,17.19
秋分,1931,9,24,8,23,14.76
寒露,1931,10,9,14,26,51.65
霜降,1931,10,24,17,15,25.79
立冬,1931,11,8,17,9,51.31
小雪,1931,11,23,14,24,37.85
大雪,1931,12,8,9,40,15.43
冬至,1931,12,23,3,29,31.2
小寒,1932,1,6,20,45,4.226
大寒,1932,1,21,14,6,46.16
立春,1932,2,5,8,29,20.4
雨水,1932,2,20,4,28,19.86
@U,1932,3,6,2,49,19.23
春分,1932,3,21,3,53,31.45
清明,1932,4,5,8,6,18.44
b雨,1932,4,20,15,27,59.81
立夏,1932,5,6,1,55,7.685
小M,1932,5,21,15,6,31.43
芒N,1932,6,6,6,27,44.16
夏至,1932,6,21,23,22,33.96
小暑,1932,7,7,16,52,16.28
大暑,1932,7,23,10,17,59.52
立秋,1932,8,8,2,31,48.24
暑,1932,8,23,17,6,11.25
白露,1932,9,8,5,2,50.83
秋分,1932,9,23,14,15,49.71
寒露,1932,10,8,20,9,36.64
霜降,1932,10,23,23,3,50.23
立冬,1932,11,7,22,49,39.49
小雪,1932,11,22,20,10,4.569
大雪,1932,12,7,15,18,21.13
冬至,1932,12,22,9,14,11.64
小寒,1933,1,6,2,23,19.73
大寒,1933,1,20,19,52,39.19
立春,1933,2,4,14,9,15.59
雨水,1933,2,19,10,16,15.03
@U,1933,3,6,8,31,24.09
春分,1933,3,21,9,43,2.471
清明,1933,4,5,13,50,28.66
b雨,1933,4,20,21,18,12.89
立夏,1933,5,6,7,41,43.57
小M,1933,5,21,20,56,44.01
芒N,1933,6,6,12,17,18.98
夏至,1933,6,22,5,11,45.68
小暑,1933,7,7,22,44,17.67
大暑,1933,7,23,16,5,22.44
立秋,1933,8,8,8,25,30.66
暑,1933,8,23,22,52,18.86
白露,1933,9,8,10,57,26.09
秋分,1933,9,23,20,1,5.019
寒露,1933,10,9,2,3,53.03
霜降,1933,10,24,4,48,1.902
立冬,1933,11,8,4,42,58.56
小雪,1933,11,23,1,53,23.77
大雪,1933,12,7,21,11,5.281
冬至,1933,12,22,14,57,26.79
小寒,1934,1,6,8,16,27.44
大寒,1934,1,21,1,36,50.95
立春,1934,2,4,20,3,36.04
雨水,1934,2,19,16,1,36.12
@U,1934,3,6,14,26,18.7
春分,1934,3,21,15,27,51.22
清明,1934,4,5,19,43,37.62
b雨,1934,4,21,3,0,5.209
立夏,1934,5,6,13,30,42.67
小M,1934,5,22,2,34,50.72
芒N,1934,6,6,18,1,21
夏至,1934,6,22,10,47,51.36
小暑,1934,7,8,4,24,24.57
大暑,1934,7,23,21,42,8.017
立秋,1934,8,8,14,3,37.69
暑,1934,8,24,4,31,59.73
白露,1934,9,8,16,36,6.975
秋分,1934,9,24,1,45,7.596
寒露,1934,10,9,7,44,58.42
霜降,1934,10,24,10,36,13.93
立冬,1934,11,8,10,26,40.53
小雪,1934,11,23,7,44,19.65
大雪,1934,12,8,2,56,30.51
冬至,1934,12,22,20,49,21.96
小寒,1935,1,6,14,2,18.85
大寒,1935,1,21,7,28,16.67
立春,1935,2,5,1,48,40.68
雨水,1935,2,19,21,51,54.87
@U,1935,3,6,20,10,9.648
春分,1935,3,21,21,17,41.45
清明,1935,4,6,1,26,19.14
b雨,1935,4,21,8,50,2.682
立夏,1935,5,6,19,12,0.985
小M,1935,5,22,8,24,46.46
芒N,1935,6,6,23,41,34.48
夏至,1935,6,22,16,37,50.95
小暑,1935,7,8,10,5,32.22
大暑,1935,7,24,3,32,53.6
立秋,1935,8,8,19,47,48.59
暑,1935,8,24,10,23,55.33
白露,1935,9,8,22,24,4.152
秋分,1935,9,24,7,38,6.22
寒露,1935,10,9,13,35,38.42
霜降,1935,10,24,16,29,8.375
立冬,1935,11,8,16,17,30.65
小雪,1935,11,23,13,35,22.37
大雪,1935,12,8,8,44,50.43
冬至,1935,12,23,2,37,3.862
小寒,1936,1,6,19,46,37.22
大寒,1936,1,21,13,12,13.46
立春,1936,2,5,7,29,15.36
雨水,1936,2,20,3,33,0.317
@U,1936,3,6,1,49,5.62
春分,1936,3,21,2,57,47.13
清明,1936,4,5,7,6,42.85
b雨,1936,4,20,14,31,3.15
立夏,1936,5,6,0,56,28.37
小M,1936,5,21,14,7,22.67
芒N,1936,6,6,5,30,39.24
夏至,1936,6,21,22,21,34.18
小暑,1936,7,7,15,58,17.04
大暑,1936,7,23,9,17,50.04
立秋,1936,8,8,1,43,9.409
暑,1936,8,23,16,10,28.44
白露,1936,9,8,4,20,33.28
秋分,1936,9,23,13,25,54.54
寒露,1936,10,8,19,32,24.1
霜降,1936,10,23,22,18,2.12
立冬,1936,11,7,22,14,37.99
小雪,1936,11,22,19,25,0.226
大雪,1936,12,7,14,42,13.69
冬至,1936,12,22,8,26,37.94
小寒,1937,1,6,1,43,44.33
大寒,1937,1,20,19,0,56.99
立春,1937,2,4,13,25,32.64
雨水,1937,2,19,9,20,40.12
@U,1937,3,6,7,44,23.86
春分,1937,3,21,8,45,0.337
清明,1937,4,5,13,1,21.57
b雨,1937,4,20,20,19,8.189
立夏,1937,5,6,6,50,34.43
小M,1937,5,21,19,57,6.512
芒N,1937,6,6,11,22,48.77
夏至,1937,6,22,4,11,56.18
小暑,1937,7,7,21,45,56.12
大暑,1937,7,23,15,6,52.67
立秋,1937,8,8,7,25,21.27
暑,1937,8,23,21,57,47.82
白露,1937,9,8,9,59,23.3
秋分,1937,9,23,19,12,52.37
寒露,1937,10,9,1,10,53.64
霜降,1937,10,24,4,6,28.06
立冬,1937,11,8,3,55,14.34
小雪,1937,11,23,1,16,26.72
大雪,1937,12,7,20,26,16.65
冬至,1937,12,22,14,21,36.52
小寒,1938,1,6,7,31,8.421
大寒,1938,1,21,0,58,42.31
立春,1938,2,4,19,14,57.45
雨水,1938,2,19,15,19,32.59
@U,1938,3,6,13,33,44.9
春分,1938,3,21,14,43,1.364
清明,1938,4,5,18,48,37.44
b雨,1938,4,21,2,14,40.67
立夏,1938,5,6,12,35,8.759
小M,1938,5,22,1,50,7.935
芒N,1938,6,6,17,6,37.65
夏至,1938,6,22,10,3,31.88
小暑,1938,7,8,3,31,21.13
大暑,1938,7,23,20,57,2.781
立秋,1938,8,8,13,12,39.61
暑,1938,8,24,3,45,45.98
白露,1938,9,8,15,48,5.583
秋分,1938,9,24,0,59,27.23
寒露,1938,10,9,7,1,22.58
霜降,1938,10,24,9,53,43.93
立冬,1938,11,8,9,48,18.16
小雪,1938,11,23,7,6,3.107
大雪,1938,12,8,2,21,57.56
冬至,1938,12,22,20,13,21.09
小寒,1939,1,6,13,27,50.28
大寒,1939,1,21,6,50,39.25
立春,1939,2,5,1,10,25.16
雨水,1939,2,19,21,9,13.09
@U,1939,3,6,19,26,9.447
春分,1939,3,21,20,28,24.35
清明,1939,4,6,0,37,22.41
b雨,1939,4,21,7,55,4.455
立夏,1939,5,6,18,21,2.252
小M,1939,5,22,7,26,37.61
芒N,1939,6,6,22,51,38.3
夏至,1939,6,22,15,39,22.73
小暑,1939,7,8,9,18,19.94
大暑,1939,7,24,2,36,35.36
立秋,1939,8,8,19,3,26.92
暑,1939,8,24,9,31,7.264
白露,1939,9,8,21,42,1.571
秋分,1939,9,24,6,49,23.47
寒露,1939,10,9,12,56,36.5
霜降,1939,10,24,15,45,48.54
立冬,1939,11,8,15,43,31.02
小雪,1939,11,23,12,58,28.25
大雪,1939,12,8,8,17,1.072
冬至,1939,12,23,2,5,55.5
小寒,1940,1,6,19,23,40.54
大寒,1940,1,21,12,44,3.197
立春,1940,2,5,7,7,31.89
雨水,1940,2,20,3,3,42.24
@U,1940,3,6,1,23,57.45
春分,1940,3,21,2,23,40.91
清明,1940,4,5,6,34,33.1
b雨,1940,4,20,13,50,51.78
立夏,1940,5,6,0,16,15.64
小M,1940,5,21,13,22,59.77
芒N,1940,6,6,5,44,2.36
夏至,1940,6,21,22,36,22.01
小暑,1940,7,7,16,8,0.921
大暑,1940,7,23,9,34,2.586
立秋,1940,8,8,1,51,28.91
暑,1940,8,23,16,28,30.4
白露,1940,9,8,4,29,12.88
秋分,1940,9,23,13,45,31.41
寒露,1940,10,8,18,42,22.63
霜降,1940,10,23,21,39,18
立冬,1940,11,7,21,26,46.2
小雪,1940,11,22,18,48,55.69
大雪,1940,12,7,13,57,51.03
冬至,1940,12,22,7,54,41.12
小寒,1941,1,6,1,3,54.36
大寒,1941,1,20,18,33,36.11
立春,1941,2,4,12,49,44.55
雨水,1941,2,19,8,56,20.94
@U,1941,3,6,7,10,4.344
春分,1941,3,21,9,20,19.79
清明,1941,4,5,13,24,56.08
b雨,1941,4,20,20,50,24.75
立夏,1941,5,6,7,9,50.74
小M,1941,5,21,20,22,47.62
芒N,1941,6,6,11,39,11.98
夏至,1941,6,22,4,33,15.03
小暑,1941,7,7,22,3,4.125
大暑,1941,7,23,15,26,7.252
立秋,1941,8,8,7,45,52.08
暑,1941,8,23,22,16,51.16
白露,1941,9,8,10,23,48.89
秋分,1941,9,23,19,32,42.45
寒露,1941,10,9,0,38,12.78
霜降,1941,10,24,3,27,8.722
立冬,1941,11,8,3,24,3.276
小雪,1941,11,23,0,37,47.17
大雪,1941,12,7,19,55,58.43
冬至,1941,12,22,13,44,6.326
小寒,1942,1,6,7,2,17.58
大寒,1942,1,21,0,23,27.7
立春,1942,2,4,18,48,32.9
雨水,1942,2,19,14,46,46.26
@U,1942,3,6,13,9,19.16
春分,1942,3,21,14,10,34.83
清明,1942,4,5,18,23,49.1
b雨,1942,4,21,1,39,5.908
立夏,1942,5,6,12,6,50.01
小M,1942,5,22,1,8,38.49
芒N,1942,6,6,16,32,31.91
夏至,1942,6,22,9,16,12.21
小暑,1942,7,8,2,51,46.31
大暑,1942,7,23,20,7,23.16
立秋,1942,8,8,12,30,17.5
暑,1942,8,24,2,58,11.16
白露,1942,9,8,15,6,7.11
秋分,1942,9,24,0,16,24.78
寒露,1942,10,9,6,21,41.77
霜降,1942,10,24,9,15,8.475
立冬,1942,11,8,9,11,6.856
小雪,1942,11,23,6,30,21.05
大雪,1942,12,8,1,46,46.6
冬至,1942,12,22,19,39,30.59
小寒,1943,1,6,12,54,49.94
大寒,1943,1,21,6,18,51.08
立春,1943,2,5,0,40,4.26
雨水,1943,2,19,20,40,12.38
@U,1943,3,6,18,58,31.45
春分,1943,3,21,20,2,33.81
清明,1943,4,6,0,11,11.1
b雨,1943,4,21,7,31,27.92
立夏,1943,5,6,17,53,21.34
小M,1943,5,22,7,2,48.48
芒N,1943,6,6,22,18,57.21
夏至,1943,6,22,15,12,16.23
小暑,1943,7,8,8,38,49.22
大暑,1943,7,24,2,4,29.51
立秋,1943,8,8,18,18,29.48
暑,1943,8,24,8,54,58.31
白露,1943,9,8,20,55,8.338
秋分,1943,9,24,6,11,40.83
寒露,1943,10,9,12,10,28.92
霜降,1943,10,24,15,8,14.73
立冬,1943,11,8,14,58,44.29
小雪,1943,11,23,12,21,26.73
大雪,1943,12,8,7,32,50.49
冬至,1943,12,23,1,29,3.469
小寒,1944,1,6,18,39,15.02
大寒,1944,1,21,12,7,4.455
立春,1944,2,5,6,22,54.79
雨水,1944,2,20,2,27,6.144
@U,1944,3,6,0,40,25.35
春分,1944,3,21,1,48,33.04
清明,1944,4,5,5,53,57.22
b雨,1944,4,20,13,17,45.56
立夏,1944,5,5,23,39,42.34
小M,1944,5,21,12,50,46.22
芒N,1944,6,6,4,10,52.15
夏至,1944,6,21,21,2,14.64
小暑,1944,7,7,14,36,1.314
大暑,1944,7,23,7,55,49.5
立秋,1944,8,8,0,18,49.99
暑,1944,8,23,14,46,25.58
白露,1944,9,8,2,55,31.05
秋分,1944,9,23,12,1,35.02
寒露,1944,10,8,18,8,41.82
霜降,1944,10,23,20,55,56.95
立冬,1944,11,7,20,54,38.96
小雪,1944,11,22,18,7,30.98
大雪,1944,12,7,13,27,38.75
冬至,1944,12,22,7,14,45.5
小寒,1945,1,6,0,34,26.02
大寒,1945,1,20,17,53,35.14
立春,1945,2,4,12,19,21.97
雨水,1945,2,19,8,14,50.39
@U,1945,3,6,6,37,59.98
春分,1945,3,21,7,37,9.302
清明,1945,4,5,11,51,46.78
b雨,1945,4,20,19,6,50.59
立夏,1945,5,6,5,36,35.96
小M,1945,5,21,18,40,12.13
芒N,1945,6,6,10,5,23.8
夏至,1945,6,22,2,52,0.674
小暑,1945,7,7,20,26,46.46
大暑,1945,7,23,13,45,22.89
立秋,1945,8,8,6,5,3.927
暑,1945,8,23,20,35,15.4
白露,1945,9,8,8,38,7.811
秋分,1945,9,23,17,49,43.73
寒露,1945,10,8,23,49,8.283
霜降,1945,10,24,2,43,33.37
立冬,1945,11,8,2,34,10.69
小雪,1945,11,22,23,55,9.347
大雪,1945,12,7,19,7,39.2
冬至,1945,12,22,13,3,31.28
小寒,1946,1,6,6,16,18.68
大寒,1946,1,20,23,44,34.75
立春,1946,2,4,18,3,52.86
雨水,1946,2,19,14,8,29.82
@U,1946,3,6,12,24,37.32
春分,1946,3,21,13,32,37.75
清明,1946,4,5,17,38,31.01
b雨,1946,4,21,1,2,7.996
立夏,1946,5,6,11,21,26.87
小M,1946,5,22,0,33,52.89
芒N,1946,6,6,15,48,41.25
夏至,1946,6,22,8,44,16.75
小暑,1946,7,8,2,10,47.72
大暑,1946,7,23,19,36,59.74
立秋,1946,8,8,11,51,34.42
暑,1946,8,24,2,26,19.71
白露,1946,9,8,14,27,24.36
秋分,1946,9,23,23,40,34.98
寒露,1946,10,9,5,40,46.51
霜降,1946,10,24,8,34,39.96
立冬,1946,11,8,8,27,8.524
小雪,1946,11,23,5,46,16.23
大雪,1946,12,8,1,0,11.11
冬至,1946,12,22,18,53,17.14
小寒,1947,1,6,12,6,19.8
大寒,1947,1,21,5,31,29.37
立春,1947,2,4,23,50,20.49
雨水,1947,2,19,19,51,52.24
@U,1947,3,6,18,7,55.64
春分,1947,3,21,19,12,37.66
清明,1947,4,5,23,20,7.629
b雨,1947,4,21,6,39,21.82
立夏,1947,5,6,17,2,56.8
小M,1947,5,22,6,8,59.92
芒N,1947,6,6,21,31,11.2
夏至,1947,6,22,14,18,46.06
小暑,1947,7,8,7,55,48.12
大暑,1947,7,24,1,14,9.051
立秋,1947,8,8,17,40,50.9
暑,1947,8,24,8,8,56.24
白露,1947,9,8,20,21,4.177
秋分,1947,9,24,5,28,34.4
寒露,1947,10,9,11,37,17.4
霜降,1947,10,24,14,25,48.98
立冬,1947,11,8,14,24,22.38
小雪,1947,11,23,11,37,35.96
大雪,1947,12,8,6,56,11.29
冬至,1947,12,23,0,42,43.45
小寒,1948,1,6,18,0,13.14
大寒,1948,1,21,11,18,22.29
立春,1948,2,5,5,41,59.92
雨水,1948,2,20,1,36,39.05
@U,1948,3,5,23,57,52.39
春分,1948,3,21,0,56,43.87
清明,1948,4,5,5,9,19.06
b雨,1948,4,20,12,24,49.65
立夏,1948,5,5,22,52,12.71
小M,1948,5,21,11,57,34.95
芒N,1948,6,6,3,20,19.96
夏至,1948,6,21,20,10,32.13
小暑,1948,7,7,13,43,29.34
大暑,1948,7,23,7,7,29.09
立秋,1948,8,7,23,26,18.12
暑,1948,8,23,14,2,30.24
白露,1948,9,8,2,4,58.26
秋分,1948,9,23,11,21,38.95
寒露,1948,10,8,17,20,14.73
霜降,1948,10,23,20,17,57.25
立冬,1948,11,7,20,6,31.72
小雪,1948,11,22,17,28,47.51
大雪,1948,12,7,12,37,37.56
冬至,1948,12,22,6,33,13.37
小寒,1949,1,5,23,41,8.505
大寒,1949,1,20,17,8,32.45
立春,1949,2,4,11,22,50.04
雨水,1949,2,19,7,27,2.369
@U,1949,3,6,5,39,16.53
春分,1949,3,21,6,47,59.25
清明,1949,4,5,10,51,56.79
b雨,1949,4,20,18,17,13.4
立夏,1949,5,6,4,36,34.6
小M,1949,5,21,17,50,37.31
芒N,1949,6,6,9,6,48.36
夏至,1949,6,22,2,2,42.64
小暑,1949,7,7,19,31,34.52
大暑,1949,7,23,12,56,39.76
立秋,1949,8,8,5,14,56.42
暑,1949,8,23,19,48,11.74
白露,1949,9,8,7,54,9.043
秋分,1949,9,23,17,5,47.36
寒露,1949,10,8,23,11,1.594
霜降,1949,10,24,2,2,56.23
立冬,1949,11,8,1,59,45.57
小雪,1949,11,22,23,16,1.262
大雪,1949,12,7,18,33,23.86
冬至,1949,12,22,12,22,50.44
小寒,1950,1,6,5,38,42.32
大寒,1950,1,20,22,59,34.71
立春,1950,2,4,17,20,45.32
雨水,1950,2,19,13,17,29.12
@U,1950,3,6,11,35,25.48
春分,1950,3,21,12,35,6.29
清明,1950,4,5,16,44,25.76
b雨,1950,4,20,23,59,5.333
立夏,1950,5,6,10,24,39.01
小M,1950,5,21,23,27,7.26
芒N,1950,6,6,14,50,58.84
夏至,1950,6,22,7,35,59.52
小暑,1950,7,8,1,13,16.58
大暑,1950,7,23,18,29,53.04
立秋,1950,8,8,10,55,11.26
暑,1950,8,24,1,23,9.068
白露,1950,9,8,13,33,39.22
秋分,1950,9,23,22,43,31.25
寒露,1950,10,9,4,51,38.48
霜降,1950,10,24,7,44,41.91
立冬,1950,11,8,7,43,42.64
小雪,1950,11,23,5,2,28.26
大雪,1950,12,8,0,21,39.88
冬至,1950,12,22,18,13,17.49
小寒,1951,1,6,11,30,22.9
大寒,1951,1,21,4,52,1.71
立春,1951,2,4,23,13,26.12
雨水,1951,2,19,19,9,37.43
@U,1951,3,6,17,26,40.26
春分,1951,3,21,18,25,40.27
清明,1951,4,5,22,32,37.69
b雨,1951,4,21,5,48,1.464
立夏,1951,5,6,16,9,14.26
小M,1951,5,22,5,15,20.47
芒N,1951,6,6,20,32,31.86
夏至,1951,6,22,13,24,46.83
小暑,1951,7,8,6,53,50.45
大暑,1951,7,24,0,20,36.91
立秋,1951,8,8,16,37,25.76
暑,1951,8,24,7,16,4.307
白露,1951,9,8,19,18,9.972
秋分,1951,9,24,4,36,48.44
寒露,1951,10,9,10,36,22
霜降,1951,10,24,13,35,59.23
立冬,1951,11,8,13,26,35.34
小雪,1951,11,23,10,51,2.491
大雪,1951,12,8,6,2,18.22
冬至,1951,12,23,0,0,1.247
小寒,1952,1,6,17,9,43.67
大寒,1952,1,21,10,38,22.28
立春,1952,2,5,4,52,52.42
雨水,1952,2,20,0,56,40.82
@U,1952,3,5,23,7,16.88
春分,1952,3,21,0,13,42.58
清明,1952,4,5,4,15,1.233
b雨,1952,4,20,11,36,36.47
立夏,1952,5,5,21,53,59.99
小M,1952,5,21,11,3,48.89
芒N,1952,6,6,2,20,17.93
夏至,1952,6,21,19,12,29.99
小暑,1952,7,7,12,44,38.45
大暑,1952,7,23,6,7,25.87
立秋,1952,8,7,22,30,57.72
暑,1952,8,23,13,2,46.61
白露,1952,9,8,1,13,39.96
秋分,1952,9,23,10,23,37.69
寒露,1952,10,8,16,32,22.84
霜降,1952,10,23,19,22,10.01
立冬,1952,11,7,19,21,33.3
小雪,1952,11,22,16,35,36.7
大雪,1952,12,7,11,55,32.74
冬至,1952,12,22,5,43,6.247
小寒,1953,1,5,23,2,1.656
大寒,1953,1,20,16,21,17.87
立春,1953,2,4,10,45,52.27
雨水,1953,2,19,6,41,3.725
@U,1953,3,6,5,2,25.81
春分,1953,3,21,6,0,27.22
清明,1953,4,5,10,12,36.04
b雨,1953,4,20,17,25,19.8
立夏,1953,5,6,3,52,18.33
小M,1953,5,21,16,52,46.15
芒N,1953,6,6,8,16,4.713
夏至,1953,6,22,0,59,53.71
小暑,1953,7,7,18,34,54.37
大暑,1953,7,23,11,52,7.308
立秋,1953,8,8,4,14,35.03
暑,1953,8,23,18,45,8.427
白露,1953,9,8,6,52,42.63
秋分,1953,9,23,16,5,50.82
寒露,1953,10,8,22,10,23.58
霜降,1953,10,24,1,6,12.6
立冬,1953,11,8,1,0,56.09
小雪,1953,11,22,22,22,1.821
大雪,1953,12,7,17,36,58.41
冬至,1953,12,22,11,31,24.45
小寒,1954,1,6,4,45,16.56
大寒,1954,1,20,22,11,0.819
立春,1954,2,4,16,30,41.16
雨水,1954,2,19,12,32,16.82
@U,1954,3,6,10,48,31.15
春分,1954,3,21,11,53,21.92
清明,1954,4,5,15,59,8.04
b雨,1954,4,20,23,19,30.05
立夏,1954,5,6,9,38,7.611
小M,1954,5,21,22,47,21.61
芒N,1954,6,6,14,0,48.36
夏至,1954,6,22,6,53,59.59
小暑,1954,7,8,0,19,10.09
大暑,1954,7,23,17,44,53.42
立秋,1954,8,8,9,59,3.384
暑,1954,8,24,0,35,51.52
白露,1954,9,8,12,37,50.85
秋分,1954,9,23,21,55,13.18
寒露,1954,10,9,3,57,16.65
霜降,1954,10,24,6,56,18.4
立冬,1954,11,8,6,50,32.08
小雪,1954,11,23,4,14,9.393
大雪,1954,12,7,23,28,29.15
冬至,1954,12,22,17,24,18.18
小寒,1955,1,6,10,35,51.45
大寒,1955,1,21,4,1,49.68
立春,1955,2,4,22,17,35.46
雨水,1955,2,19,18,18,43.96
@U,1955,3,6,16,30,56.44
春分,1955,3,21,17,35,2.933
清明,1955,4,5,21,38,43.2
b雨,1955,4,21,4,57,48.73
立夏,1955,5,6,15,17,57.32
小M,1955,5,22,4,24,18.71
芒N,1955,6,6,19,43,24.85
夏至,1955,6,22,12,31,19.59
小暑,1955,7,8,6,5,51.18
大暑,1955,7,23,23,24,30.55
立秋,1955,8,8,15,50,1.927
暑,1955,8,24,6,18,53
白露,1955,9,8,18,31,45.03
秋分,1955,9,24,3,40,50.43
寒露,1955,10,9,9,52,7.609
霜降,1955,10,24,12,43,0.305
立冬,1955,11,8,12,45,9.202
小雪,1955,11,23,10,0,50.65
大雪,1955,12,8,5,22,46.34
冬至,1955,12,22,23,10,51.63
小寒,1956,1,6,16,30,16.37
大寒,1956,1,21,9,48,16.18
立春,1956,2,5,4,11,54.46
雨水,1956,2,20,0,4,37.54
@U,1956,3,5,22,24,26.35
春分,1956,3,20,23,20,14.87
清明,1956,4,5,3,31,8.36
b雨,1956,4,20,10,43,24.57
立夏,1956,5,5,21,9,56.82
小M,1956,5,21,10,12,32.1
芒N,1956,6,6,1,35,47.47
夏至,1956,6,21,18,23,41.85
小暑,1956,7,7,11,58,0.743
大暑,1956,7,23,5,19,52.33
立秋,1956,8,7,21,40,12.88
暑,1956,8,23,12,14,45.44
白露,1956,9,8,0,18,55.49
秋分,1956,9,23,9,35,0.508
寒露,1956,10,8,15,35,52.49
霜降,1956,10,23,18,34,17.78
立冬,1956,11,7,18,25,53.39
小雪,1956,11,22,15,49,49.44
大雪,1956,12,7,11,2,5.777
冬至,1956,12,22,4,59,26.43
小寒,1957,1,5,22,10,24.48
大寒,1957,1,20,15,38,35.06
立春,1957,2,4,9,54,36.73
雨水,1957,2,19,5,57,57.09
@U,1957,3,6,4,10,6.109
春分,1957,3,21,5,16,26.29
清明,1957,4,5,9,18,48.09
b雨,1957,4,20,16,41,10.72
立夏,1957,5,6,2,58,21.88
小M,1957,5,21,16,10,22.33
芒N,1957,6,6,7,24,43.6
夏至,1957,6,22,0,20,28.82
小暑,1957,7,7,17,48,9.675
大暑,1957,7,23,11,14,48.98
立秋,1957,8,8,3,32,2.858
暑,1957,8,23,18,7,31.72
白露,1957,9,8,6,12,10.85
秋分,1957,9,23,15,26,2.101
寒露,1957,10,8,21,29,57.3
霜降,1957,10,24,0,24,10.6
立冬,1957,11,8,0,20,1.291
小雪,1957,11,22,21,39,0.681
大雪,1957,12,7,16,55,56.24
冬至,1957,12,22,10,48,34.96
小寒,1958,1,6,4,4,19.09
大寒,1958,1,20,21,28,26.75
立春,1958,2,4,15,49,10.15
雨水,1958,2,19,11,48,25.56
@U,1958,3,6,10,4,51.26
春分,1958,3,21,11,5,46.08
清明,1958,4,5,15,12,19.66
b雨,1958,4,20,22,26,56.96
立夏,1958,5,6,8,49,9.818
小M,1958,5,21,21,51,0.108
芒N,1958,6,6,13,12,10.92
夏至,1958,6,22,5,56,51.68
小暑,1958,7,7,23,33,24.48
大暑,1958,7,23,16,50,25.69
立秋,1958,8,8,9,17,9.76
暑,1958,8,23,23,45,52.22
白露,1958,9,8,11,58,48.68
秋分,1958,9,23,21,8,48.22
寒露,1958,10,9,3,19,8.301
霜降,1958,10,24,6,11,18.37
立冬,1958,11,8,6,11,53.58
小雪,1958,11,23,3,29,6.312
大雪,1958,12,7,22,49,36.04
冬至,1958,12,22,16,39,39.95
小寒,1959,1,6,9,58,18.4
大寒,1959,1,21,3,18,49
立春,1959,2,4,21,42,10.11
雨水,1959,2,19,17,37,32.1
@U,1959,3,6,15,56,35.9
春分,1959,3,21,16,54,29.09
清明,1959,4,5,21,3,2.782
b雨,1959,4,21,4,16,26.92
立夏,1959,5,6,14,38,43.09
小M,1959,5,22,3,42,4.564
芒N,1959,6,6,19,0,3.609
夏至,1959,6,22,11,49,43.75
小暑,1959,7,8,5,19,51.68
大暑,1959,7,23,22,45,24.9
立秋,1959,8,8,15,4,3.88
暑,1959,8,24,5,43,28.92
白露,1959,9,8,17,47,53.18
秋分,1959,9,24,3,8,24.2
寒露,1959,10,9,9,9,47.47
霜降,1959,10,24,12,10,57.99
立冬,1959,11,8,12,2,3.91
小雪,1959,11,23,9,26,54.3
大雪,1959,12,8,4,37,16.92
冬至,1959,12,22,22,34,17.53
小寒,1960,1,6,15,42,26.66
大寒,1960,1,21,9,9,59.87
立春,1960,2,5,3,23,7.865
雨水,1960,2,19,23,26,15.24
@U,1960,3,5,21,36,5.768
春分,1960,3,20,22,42,37.48
清明,1960,4,5,2,43,32.45
b雨,1960,4,20,10,5,51.48
立夏,1960,5,5,20,22,33.1
小M,1960,5,21,9,33,28.98
芒N,1960,6,6,0,48,33.17
夏至,1960,6,21,17,42,15.28
小暑,1960,7,7,11,12,38.45
大暑,1960,7,23,4,37,24.74
立秋,1960,8,7,20,59,44.24
暑,1960,8,23,11,34,21.97
白露,1960,9,7,23,45,21.7
秋分,1960,9,23,8,58,49.37
寒露,1960,10,8,15,8,39.39
霜降,1960,10,23,18,1,48.84
立冬,1960,11,7,18,2,1.598
小雪,1960,11,22,15,18,20.97
大雪,1960,12,7,10,37,44.4
冬至,1960,12,22,4,25,53.68
小寒,1961,1,5,21,42,35.67
大寒,1961,1,20,15,1,5.779
立春,1961,2,4,9,22,24.47
雨水,1961,2,19,5,16,26.49
@U,1961,3,6,3,34,37.96
春分,1961,3,21,4,32,4.591
清明,1961,4,5,8,42,5.657
b雨,1961,4,20,15,55,2.079
立夏,1961,5,6,2,21,15.4
小M,1961,5,21,15,22,13.51
芒N,1961,6,6,6,45,59.89
夏至,1961,6,21,23,30,4.344
小暑,1961,7,7,17,6,35.52
大暑,1961,7,23,10,23,34.08
立秋,1961,8,8,2,48,19.76
暑,1961,8,23,17,18,30.48
白露,1961,9,8,5,29,11.72
秋分,1961,9,23,14,42,24.53
寒露,1961,10,8,20,50,55.01
霜降,1961,10,23,23,47,20.29
立冬,1961,11,7,23,46,10.59
小雪,1961,11,22,21,7,39.59
大雪,1961,12,7,16,25,53.1
冬至,1961,12,22,10,19,26.31
小寒,1962,1,6,3,34,55.59
大寒,1962,1,20,20,57,53.24
立春,1962,2,4,15,17,20.25
雨水,1962,2,19,11,14,33.33
@U,1962,3,6,9,29,29.66
春分,1962,3,21,10,29,30.59
清明,1962,4,5,14,34,14
b雨,1962,4,20,21,50,39.07
立夏,1962,5,6,8,9,28.15
小M,1962,5,21,21,16,28.75
芒N,1962,6,6,12,31,14.81
夏至,1962,6,22,5,24,4.982
小暑,1962,7,7,22,51,5.111
大暑,1962,7,23,16,17,55.87
立秋,1962,8,8,8,33,40.65
暑,1962,8,23,23,12,26.64
白露,1962,9,8,11,15,20.86
秋分,1962,9,23,20,35,10.88
寒露,1962,10,9,2,37,53.34
霜降,1962,10,24,5,39,58.28
立冬,1962,11,8,5,34,53.8
小雪,1962,11,23,3,1,49.99
大雪,1962,12,7,22,16,38.33
冬至,1962,12,22,16,15,14.26
小寒,1963,1,6,9,26,26.41
大寒,1963,1,21,2,53,50.95
立春,1963,2,4,21,7,43.97
雨水,1963,2,19,17,8,34.29
@U,1963,3,6,15,17,9.162
春分,1963,3,21,16,19,39.47
清明,1963,4,5,20,18,39.48
b雨,1963,4,21,3,36,7.361
立夏,1963,5,6,13,51,57.51
小M,1963,5,22,2,58,6.961
芒N,1963,6,6,18,14,24.75
夏至,1963,6,22,11,3,59.88
小暑,1963,7,8,4,37,35.52
大暑,1963,7,23,21,59,11.27
立秋,1963,8,8,14,25,23.7
暑,1963,8,24,4,57,30.95
白露,1963,9,8,17,11,49.98
秋分,1963,9,24,2,23,28.35
寒露,1963,10,9,8,36,12.79
霜降,1963,10,24,11,28,48.1
立冬,1963,11,8,11,32,18
小雪,1963,11,23,8,49,20.24
大雪,1963,12,8,4,12,35.65
冬至,1963,12,22,22,1,51.44
小寒,1964,1,6,15,22,19.51
大寒,1964,1,21,8,41,2.181
立春,1964,2,5,3,4,55.06
雨水,1964,2,19,22,57,16.98
@U,1964,3,5,21,15,59.93
春分,1964,3,20,22,9,50.11
清明,1964,4,5,2,18,20.36
b雨,1964,4,20,9,27,7.102
立夏,1964,5,5,19,51,1.341
小M,1964,5,21,8,49,45.34
芒N,1964,6,6,0,11,43.01
夏至,1964,6,21,16,56,46.85
小暑,1964,7,7,10,32,7.871
大暑,1964,7,23,3,52,41.87
立秋,1964,8,7,20,16,9.15
暑,1964,8,23,10,51,0.833
白露,1964,9,7,22,59,26.55
秋分,1964,9,23,8,16,37.69
寒露,1964,10,8,14,21,30.83
霜降,1964,10,23,17,20,39.23
立冬,1964,11,7,17,15,7.083
小雪,1964,11,22,14,38,52.3
大雪,1964,12,7,9,53,3.314
冬至,1964,12,22,3,49,30.44
小寒,1965,1,5,21,1,57.41
大寒,1965,1,20,14,28,50.91
立春,1965,2,4,8,46,6.101
雨水,1965,2,19,4,47,48.12
@U,1965,3,6,3,0,37.31
春分,1965,3,21,4,4,43.65
清明,1965,4,5,8,6,41.31
b雨,1965,4,20,15,26,2.255
立夏,1965,5,6,1,41,30.32
小M,1965,5,21,14,50,12.1
芒N,1965,6,6,6,2,5.157
夏至,1965,6,21,22,55,39.55
小暑,1965,7,7,16,21,21.36
大暑,1965,7,23,9,48,9.488
立秋,1965,8,8,2,4,34.8
暑,1965,8,23,16,42,41.98
白露,1965,9,8,4,47,49.52
秋分,1965,9,23,14,5,58.31
寒露,1965,10,8,20,11,7.113
霜降,1965,10,23,23,9,55.83
立冬,1965,11,7,23,6,32.08
小雪,1965,11,22,20,29,8.925
大雪,1965,12,7,15,45,32.61
冬至,1965,12,22,9,40,24.11
小寒,1966,1,6,2,54,21.04
大寒,1966,1,20,20,19,39.32
立春,1966,2,4,14,37,49.05
雨水,1966,2,19,10,37,47.62
@U,1966,3,6,8,51,20.99
春分,1966,3,21,9,52,53.39
清明,1966,4,5,13,56,27.7
b雨,1966,4,20,21,11,29.1
立夏,1966,5,6,7,30,25.64
小M,1966,5,21,20,32,0.956
芒N,1966,6,6,11,49,36.24
夏至,1966,6,22,4,33,20.79
小暑,1966,7,7,22,6,59.29
大暑,1966,7,23,15,23,10.45
立秋,1966,8,8,7,48,57.04
暑,1966,8,23,22,17,41.23
白露,1966,9,8,10,32,2.381
秋分,1966,9,23,19,43,6.912
寒露,1966,10,9,1,56,44.3
霜降,1966,10,24,4,50,44.26
立冬,1966,11,8,4,55,15.6
小雪,1966,11,23,2,14,4.501
大雪,1966,12,7,21,37,45.18
冬至,1966,12,22,15,28,8.301
小寒,1967,1,6,8,48,19.39
大寒,1967,1,21,2,7,30.42
立春,1967,2,4,20,30,48.81
雨水,1967,2,19,16,23,39.56
@U,1967,3,6,14,41,52.55
春分,1967,3,21,15,36,46.97
清明,1967,4,5,19,44,39.86
b雨,1967,4,21,2,55,5.722
立夏,1967,5,6,13,17,24.24
小M,1967,5,22,2,17,50.65
芒N,1967,6,6,17,36,17.98
夏至,1967,6,22,10,22,48.85
小暑,1967,7,8,3,53,19.14
大暑,1967,7,23,21,15,49.47
立秋,1967,8,8,13,34,51.09
暑,1967,8,24,4,12,23.97
白露,1967,9,8,16,17,41.9
秋分,1967,9,24,1,38,1.201
寒露,1967,10,9,7,41,9.001
霜降,1967,10,24,10,43,44.76
立冬,1967,11,8,10,37,21.86
小雪,1967,11,23,8,4,26.89
大雪,1967,12,8,3,17,27.3
冬至,1967,12,22,21,16,16.94
小寒,1968,1,6,14,26,10.27
大寒,1968,1,21,7,54,5.353
立春,1968,2,5,2,7,23.42
雨水,1968,2,19,22,9,12
@U,1968,3,5,20,17,45.02
春分,1968,3,20,21,21,59.36
清明,1968,4,5,1,20,53.4
b雨,1968,4,20,8,41,6.246
立夏,1968,5,5,18,55,47.12
小M,1968,5,21,8,5,50.02
芒N,1968,6,5,23,19,4.438
夏至,1968,6,21,16,13,15.21
小暑,1968,7,7,9,41,37.25
大暑,1968,7,23,3,7,23.02
立秋,1968,8,7,19,27,11.2
暑,1968,8,23,10,2,50.88
白露,1968,9,7,22,11,24.29
秋分,1968,9,23,7,26,9.562
寒露,1968,10,8,13,34,22.9
霜降,1968,10,23,16,29,33.63
立冬,1968,11,7,16,29,16.5
小雪,1968,11,22,13,48,30.42
大雪,1968,12,7,9,8,14.67
冬至,1968,12,22,2,59,44.29
小寒,1969,1,5,20,16,48
大寒,1969,1,20,13,38,10.34
立春,1969,2,4,7,58,52.01
雨水,1969,2,19,3,54,28.81
@U,1969,3,6,2,10,33.28
春分,1969,3,21,3,8,4.407
清明,1969,4,5,7,14,49.92
b雨,1969,4,20,14,26,51.29
立夏,1969,5,6,0,49,45.85
小M,1969,5,21,13,49,42.98
芒N,1969,6,6,5,11,28.69
夏至,1969,6,21,21,55,1.493
小暑,1969,7,7,15,31,30.36
大暑,1969,7,23,8,48,8.554
立秋,1969,8,8,1,14,5.774
暑,1969,8,23,15,43,20.89
白露,1969,9,8,3,55,24.07
秋分,1969,9,23,13,6,52.25
寒露,1969,10,8,19,16,38.97
霜降,1969,10,23,22,11,1.276
立冬,1969,11,7,22,11,19.37
小雪,1969,11,22,19,31,3.605
大雪,1969,12,7,14,51,17.61
冬至,1969,12,22,8,43,40.56
小寒,1970,1,6,2,1,40.76
大寒,1970,1,20,19,23,47.66
立春,1970,2,4,13,45,43.91
雨水,1970,2,19,9,41,46.17
@U,1970,3,6,7,58,27.76
春分,1970,3,21,8,56,17.7
清明,1970,4,5,13,1,44.06
b雨,1970,4,20,20,14,53.86
立夏,1970,5,6,6,33,46.48
小M,1970,5,21,19,37,17.98
芒N,1970,6,6,10,52,13.58
夏至,1970,6,22,3,42,37.23
小暑,1970,7,7,21,10,31.45
大暑,1970,7,23,14,36,51.25
立秋,1970,8,8,6,54,5.477
暑,1970,8,23,21,33,51.22
白露,1970,9,8,9,37,53.2
秋分,1970,9,23,18,58,56.4
寒露,1970,10,9,1,1,32.1
霜降,1970,10,24,4,4,11.63
立冬,1970,11,8,3,57,42.29
小雪,1970,11,23,1,24,31.57
大雪,1970,12,7,20,37,18.11
冬至,1970,12,22,14,35,38.8
小寒,1971,1,6,7,45,4.31
大寒,1971,1,21,1,12,38.69
立春,1971,2,4,19,25,23.48
雨水,1971,2,19,15,26,55.24
@U,1971,3,6,13,34,42.31
春分,1971,3,21,14,38,6.913
清明,1971,4,5,18,35,58.25
b雨,1971,4,21,1,54,11.92
立夏,1971,5,6,12,8,6.444
小M,1971,5,22,1,14,58.82
芒N,1971,6,6,16,28,50.56
夏至,1971,6,22,9,19,34.1
小暑,1971,7,8,2,51,7.436
大暑,1971,7,23,20,14,43.64
立秋,1971,8,8,12,40,11.76
暑,1971,8,24,3,15,14.74
白露,1971,9,8,15,30,10.65
秋分,1971,9,24,0,44,51.92
寒露,1971,10,9,6,58,31.28
霜降,1971,10,24,9,53,7.753
立冬,1971,11,8,9,56,34.84
小雪,1971,11,23,7,13,56.88
大雪,1971,12,8,2,35,41.92
冬至,1971,12,22,20,23,53.23
小寒,1972,1,6,13,41,49.58
大寒,1972,1,21,6,58,58.51
立春,1972,2,5,1,20,11.7
雨水,1972,2,19,21,11,22.1
@U,1972,3,5,19,28,3.979
春分,1972,3,20,20,21,23.3
清明,1972,4,5,0,28,50.1
b雨,1972,4,20,7,37,26.4
立夏,1972,5,5,18,1,9.07
小M,1972,5,21,6,59,27.75
芒N,1972,6,5,22,21,57.82
夏至,1972,6,21,15,6,9.013
小暑,1972,7,7,8,42,53.59
大暑,1972,7,23,2,2,30.05
立秋,1972,8,7,18,28,29.34
暑,1972,8,23,9,2,59.9
白露,1972,9,7,21,15,5.543
秋分,1972,9,23,6,32,43.58
寒露,1972,10,8,12,41,44.8
霜降,1972,10,23,15,41,26.8
立冬,1972,11,7,15,39,23.26
小雪,1972,11,22,13,2,40.82
大雪,1972,12,7,8,18,42.91
冬至,1972,12,22,2,12,52.68
小寒,1973,1,5,19,25,18.51
大寒,1973,1,20,12,48,11.46
立春,1973,2,4,7,4,11.13
雨水,1973,2,19,3,1,7.827
@U,1973,3,6,1,12,34.5
春分,1973,3,21,2,12,25.56
清明,1973,4,5,6,13,51.53
b雨,1973,4,20,13,30,20.86
立夏,1973,5,5,23,46,21.93
小M,1973,5,21,12,53,49.25
芒N,1973,6,6,4,6,49.71
夏至,1973,6,21,21,0,34
小暑,1973,7,7,14,27,20.87
大暑,1973,7,23,7,55,31.98
立秋,1973,8,8,0,12,47.27
暑,1973,8,23,14,53,27.25
白露,1973,9,8,2,59,22.75
秋分,1973,9,23,12,21,6.293
寒露,1973,10,8,18,27,13.95
霜降,1973,10,23,21,30,9.252
立冬,1973,11,7,21,27,37.71
小雪,1973,11,22,18,54,0.614
大雪,1973,12,7,14,10,23.95
冬至,1973,12,22,8,7,41.43
小寒,1974,1,6,1,19,55.65
大寒,1974,1,20,18,45,39.53
立春,1974,2,4,13,0,5.205
雨水,1974,2,19,8,58,40.09
@U,1974,3,6,7,7,5.607
春分,1974,3,21,8,6,36.41
清明,1974,4,5,12,4,59.12
b雨,1974,4,20,19,18,49.68
立夏,1974,5,6,5,33,51.75
小M,1974,5,21,18,36,2.425
芒N,1974,6,6,9,51,39.48
夏至,1974,6,22,2,37,35.73
小暑,1974,7,7,20,11,5.391
大暑,1974,7,23,13,30,10.76
立秋,1974,8,8,5,57,9.968
暑,1974,8,23,20,28,39.58
白露,1974,9,8,8,45,3.699
秋分,1974,9,23,17,58,24.42
寒露,1974,10,9,0,14,38.01
霜降,1974,10,24,3,10,35.04
立冬,1974,11,8,3,17,57.43
小雪,1974,11,23,0,38,25.75
大雪,1974,12,7,20,4,36.56
冬至,1974,12,22,13,55,55.98
小寒,1975,1,6,7,17,30.05
大寒,1975,1,21,0,36,14.51
立春,1975,2,4,18,59,11
雨水,1975,2,19,14,49,42.3
@U,1975,3,6,13,5,46.35
春分,1975,3,21,13,56,39.4
清明,1975,4,5,18,1,29.06
b雨,1975,4,21,1,7,12.42
立夏,1975,5,6,11,27,10.63
小M,1975,5,22,0,23,39.37
芒N,1975,6,6,15,42,0.444
夏至,1975,6,22,8,26,25.07
小暑,1975,7,8,1,59,23.44
大暑,1975,7,23,19,21,43.99
立秋,1975,8,8,11,44,52.67
暑,1975,8,24,2,23,35.97
白露,1975,9,8,14,33,16.76
秋分,1975,9,23,23,55,10.79
寒露,1975,10,9,6,2,2.856
霜降,1975,10,24,9,6,0.243
立冬,1975,11,8,9,2,36.1
小雪,1975,11,23,6,30,41.96
大雪,1975,12,8,1,46,9.308
冬至,1975,12,22,19,45,32.8
小寒,1976,1,6,12,57,22.24
大寒,1976,1,21,6,25,5.68
立春,1976,2,5,0,39,27.6
雨水,1976,2,19,20,39,54.22
@U,1976,3,5,18,48,6.517
春分,1976,3,20,19,49,34.64
清明,1976,4,4,23,46,27.44
b雨,1976,4,20,7,2,55.49
立夏,1976,5,5,17,14,25.01
小M,1976,5,21,6,21,4.853
芒N,1976,6,5,21,31,13.36
夏至,1976,6,21,14,24,11.02
小暑,1976,7,7,7,50,50.28
大暑,1976,7,23,1,18,25.79
立秋,1976,8,7,17,38,21.03
暑,1976,8,23,8,18,14.42
白露,1976,9,7,20,28,11.77
秋分,1976,9,23,5,48,10.19
寒露,1976,10,8,11,58,2.147
霜降,1976,10,23,14,58,0.581
立冬,1976,11,7,14,58,34.22
小雪,1976,11,22,12,21,29.27
大雪,1976,12,7,7,40,56.35
冬至,1976,12,22,1,35,7.191
小寒,1977,1,5,18,51,2.657
大寒,1977,1,20,12,14,25.54
立春,1977,2,4,6,33,24.19
雨水,1977,2,19,2,30,25.83
@U,1977,3,6,0,44,8.19
春分,1977,3,21,1,42,15.5
清明,1977,4,5,5,45,43.89
b雨,1977,4,20,12,57,12.96
立夏,1977,5,5,23,15,59.48
小M,1977,5,21,12,14,20.75
芒N,1977,6,6,3,32,1.933
夏至,1977,6,21,20,13,44.74
小暑,1977,7,7,13,47,52.42
大暑,1977,7,23,7,3,37.48
立秋,1977,8,7,23,30,13.5
暑,1977,8,23,14,0,13.69
白露,1977,9,8,2,15,41.01
秋分,1977,9,23,11,29,13.89
寒露,1977,10,8,17,43,55.99
霜降,1977,10,23,20,40,39.29
立冬,1977,11,7,20,45,48.94
小雪,1977,11,22,18,6,59.6
大雪,1977,12,7,13,30,49.36
冬至,1977,12,22,7,23,8.081
小寒,1978,1,6,0,43,13.11
大寒,1978,1,20,18,3,59.08
立春,1978,2,4,12,26,57.98
雨水,1978,2,19,8,20,55.88
@U,1978,3,6,6,38,11.51
春分,1978,3,21,7,33,32.53
清明,1978,4,5,11,39,20.08
b雨,1978,4,20,18,49,31.33
立夏,1978,5,6,5,8,32.62
小M,1978,5,21,18,8,25.5
芒N,1978,6,6,9,23,5.878
夏至,1978,6,22,2,9,32.88
小暑,1978,7,7,19,36,56.56
大暑,1978,7,23,13,0,14.38
立秋,1978,8,8,5,17,39.23
暑,1978,8,23,19,56,46.22
白露,1978,9,8,8,2,22.95
秋分,1978,9,23,17,25,23.5
寒露,1978,10,8,23,30,54.02
霜降,1978,10,24,2,37,8.767
立冬,1978,11,8,2,34,1.978
小雪,1978,11,23,0,4,36.22
大雪,1978,12,7,19,20,1.945
冬至,1978,12,22,13,20,57.13
小寒,1979,1,6,6,31,32.63
大寒,1979,1,20,23,59,54.94
立春,1979,2,4,18,12,17.48
雨水,1979,2,19,14,13,12.36
@U,1979,3,6,12,19,37.13
春分,1979,3,21,13,21,55.18
清明,1979,4,5,17,17,56.52
b雨,1979,4,21,0,35,21.71
立夏,1979,5,6,10,47,10.05
小M,1979,5,21,23,53,50.44
芒N,1979,6,6,15,5,11.08
夏至,1979,6,22,7,56,9.884
小暑,1979,7,8,1,24,36.57
大暑,1979,7,23,18,48,31.74
立秋,1979,8,8,11,10,53.13
暑,1979,8,24,1,46,43.12
白露,1979,9,8,13,59,45.29
秋分,1979,9,23,23,16,22.86
寒露,1979,10,9,5,30,2.321
霜降,1979,10,24,8,27,49.31
立冬,1979,11,8,8,32,46.68
小雪,1979,11,23,5,54,5.509
大雪,1979,12,8,1,17,47.93
冬至,1979,12,22,19,9,44.9
小寒,1980,1,6,12,28,53.11
大寒,1980,1,21,5,48,36.86
立春,1980,2,5,0,9,28.09
雨水,1980,2,19,20,1,38.99
@U,1980,3,5,18,16,29.91
春分,1980,3,20,19,9,40.71
清明,1980,4,4,23,14,41.92
b雨,1980,4,20,6,22,41.34
立夏,1980,5,5,16,44,28.89
小M,1980,5,21,5,42,2.446
芒N,1980,6,5,21,3,44.4
夏至,1980,6,21,13,47,0.43
小暑,1980,7,7,7,23,56.3
大暑,1980,7,23,0,41,58.71
立秋,1980,8,7,17,8,30.93
暑,1980,8,23,7,40,38
白露,1980,9,7,19,53,27.08
秋分,1980,9,23,5,8,40.48
寒露,1980,10,8,11,19,15.15
霜降,1980,10,23,14,17,30.73
立冬,1980,11,7,14,18,14.66
小雪,1980,11,22,11,41,23.78
大雪,1980,12,7,7,1,15.37
冬至,1980,12,22,0,56,4.707
小寒,1981,1,5,18,12,37.82
大寒,1981,1,20,11,35,58.18
立春,1981,2,4,5,55,23.55
雨水,1981,2,19,1,51,38.27
@U,1981,3,6,0,5,7.359
春分,1981,3,21,1,2,50.26
清明,1981,4,5,5,5,2.024
b雨,1981,4,20,12,18,31.91
立夏,1981,5,5,22,34,47.16
小M,1981,5,21,11,39,24.61
芒N,1981,6,6,2,52,38.47
夏至,1981,6,21,19,44,40.17
小暑,1981,7,7,13,11,51.55
大暑,1981,7,23,6,39,42.33
立秋,1981,8,7,22,57,9.382
暑,1981,8,23,13,38,9.066
白露,1981,9,8,1,43,12.6
秋分,1981,9,23,11,5,11.49
寒露,1981,10,8,17,9,32.42
霜降,1981,10,23,20,12,50.36
立冬,1981,11,7,20,8,29.88
小雪,1981,11,22,17,35,57.57
大雪,1981,12,7,12,51,14.88
冬至,1981,12,22,6,50,31.93
小寒,1982,1,6,0,2,34.24
大寒,1982,1,20,17,30,52.83
立春,1982,2,4,11,45,28.56
雨水,1982,2,19,7,46,30.83
@U,1982,3,6,5,54,35.18
春分,1982,3,21,6,55,49.86
清明,1982,4,5,10,52,40.82
b雨,1982,4,20,18,7,26.91
立夏,1982,5,6,4,19,59.71
小M,1982,5,21,17,22,53.55
芒N,1982,6,6,8,35,53.52
夏至,1982,6,22,1,22,59.18
小暑,1982,7,7,18,54,34.14
大暑,1982,7,23,12,15,23.2
立秋,1982,8,8,4,41,44.53
暑,1982,8,23,19,15,13.12
白露,1982,9,8,7,31,41.86
秋分,1982,9,23,16,46,10.98
寒露,1982,10,8,23,2,8.335
霜降,1982,10,24,1,57,46.21
立冬,1982,11,8,2,4,5.293
小雪,1982,11,22,23,23,17.8
大雪,1982,12,7,18,48,4.238
冬至,1982,12,22,12,38,8.551
小寒,1983,1,6,5,58,41.89
大寒,1983,1,20,23,16,55.55
立春,1983,2,4,17,39,41.88
雨水,1983,2,19,13,30,34.24
@U,1983,3,6,11,47,12.18
春分,1983,3,21,12,38,44.25
清明,1983,4,5,16,44,21.62
b雨,1983,4,20,23,50,9.009
立夏,1983,5,6,10,10,49.88
小M,1983,5,21,23,6,25.4
芒N,1983,6,6,14,25,41.11
夏至,1983,6,22,7,8,40
小暑,1983,7,8,0,43,13.18
大暑,1983,7,23,18,4,6.254
立秋,1983,8,8,10,29,36.97
暑,1983,8,24,1,7,28.65
白露,1983,9,8,13,20,2.518
秋分,1983,9,23,22,41,36.06
寒露,1983,10,9,4,51,3.883
霜降,1983,10,24,7,54,16.05
立冬,1983,11,8,7,52,11.72
小雪,1983,11,23,5,18,19.96
大雪,1983,12,8,0,33,40.01
冬至,1983,12,22,18,29,54.94
小寒,1984,1,6,11,40,51.35
大寒,1984,1,21,5,5,1.858
立春,1984,2,4,23,18,44.6
雨水,1984,2,19,19,16,12.55
@U,1984,3,5,17,24,39.23
春分,1984,3,20,18,24,19.42
清明,1984,4,4,22,22,19.7
b雨,1984,4,20,5,38,4.932
立夏,1984,5,5,15,50,57.18
小M,1984,5,21,4,57,34.94
芒N,1984,6,5,20,8,36.58
夏至,1984,6,21,13,2,13.5
小暑,1984,7,7,6,29,6.491
大暑,1984,7,22,23,58,12.63
立秋,1984,8,7,16,17,52.89
暑,1984,8,23,7,0,11.49
白露,1984,9,7,19,9,48.96
秋分,1984,9,23,4,32,53.14
寒露,1984,10,8,10,42,33.67
霜降,1984,10,23,13,45,38.76
立冬,1984,11,7,13,45,31.25
小雪,1984,11,22,11,10,37.71
大雪,1984,12,7,6,28,2.868
冬至,1984,12,22,0,22,48.54
小寒,1985,1,5,17,35,4.356
大寒,1985,1,20,10,57,33.18
立春,1985,2,4,5,11,47.61
雨水,1985,2,19,1,7,22.38
@U,1985,3,5,23,16,21.64
春分,1985,3,21,0,13,43.59
清明,1985,4,5,4,13,34.39
b雨,1985,4,20,11,25,46.32
立夏,1985,5,5,21,42,31.9
小M,1985,5,21,10,42,54.66
芒N,1985,6,6,1,59,55.47
夏至,1985,6,21,18,44,7.337
小暑,1985,7,7,12,18,35.61
大暑,1985,7,23,5,36,26.42
立秋,1985,8,7,22,4,16.05
暑,1985,8,23,12,35,40.56
白露,1985,9,8,0,53,1.493
秋分,1985,9,23,10,7,26.45
寒露,1985,10,8,16,24,33.44
霜降,1985,10,23,19,21,51.54
立冬,1985,11,7,19,29,28.63
小雪,1985,11,22,16,50,45.4
大雪,1985,12,7,12,16,19.83
冬至,1985,12,22,6,7,39.26
小寒,1986,1,5,23,28,1.578
大寒,1986,1,20,16,46,10.63
立春,1986,2,4,11,7,41.26
雨水,1986,2,19,6,57,30.36
@U,1986,3,6,5,12,7.782
春分,1986,3,21,6,2,41.18
清明,1986,4,5,10,6,6.529
b雨,1986,4,20,17,12,7.53
立夏,1986,5,6,4,30,35.63
小M,1986,5,21,17,27,54.1
芒N,1986,6,6,8,44,22.76
夏至,1986,6,22,1,29,57.44
小暑,1986,7,7,19,0,45.29
大暑,1986,7,23,12,24,22.87
立秋,1986,8,8,4,45,36.45
暑,1986,8,23,19,25,47.3
白露,1986,9,8,7,34,36.66
秋分,1986,9,23,15,58,51.79
寒露,1986,10,8,22,6,44.68
霜降,1986,10,24,1,14,11.18
立冬,1986,11,8,1,12,49.21
小雪,1986,11,22,22,44,20.48
大雪,1986,12,7,18,0,55.88
冬至,1986,12,22,12,2,7.273
小寒,1987,1,6,5,13,0.045
大寒,1987,1,20,22,40,22.44
立春,1987,2,4,16,51,39.21
雨水,1987,2,19,12,49,55.51
@U,1987,3,6,10,53,36.21
春分,1987,3,21,11,51,57.28
清明,1987,4,5,15,44,6.76
b雨,1987,4,20,23,57,31.55
立夏,1987,5,6,10,5,34.5
小M,1987,5,21,23,10,0.668
芒N,1987,6,6,14,18,57.97
夏至,1987,6,22,7,10,44.45
小暑,1987,7,8,0,38,39.58
大暑,1987,7,23,18,6,2.519
立秋,1987,8,8,10,29,13.78
暑,1987,8,24,1,9,50.12
白露,1987,9,8,13,24,6.927
秋分,1987,9,23,21,45,15.78
寒露,1987,10,9,3,59,39.52
霜降,1987,10,24,7,0,51.09
立冬,1987,11,8,7,5,39.49
小雪,1987,11,23,4,29,22.63
大雪,1987,12,7,23,52,12.57
冬至,1987,12,22,17,45,52.37
小寒,1988,1,6,11,3,30.18
大寒,1988,1,21,4,24,17.05
立春,1988,2,4,22,42,49.27
雨水,1988,2,19,18,35,7.261
@U,1988,3,5,16,46,32.29
春分,1988,3,20,17,38,35.87
清明,1988,4,4,21,39,3.781
b雨,1988,4,20,5,44,46.51
立夏,1988,5,5,16,1,43.24
小M,1988,5,21,4,56,40.14
芒N,1988,6,5,20,14,52.74
夏至,1988,6,21,12,56,31.33
小暑,1988,7,7,6,32,54.18
大暑,1988,7,22,23,51,5.529
立秋,1988,8,7,16,20,15.42
暑,1988,8,23,6,54,2.191
白露,1988,9,7,19,11,30.76
秋分,1988,9,23,3,28,50.18
寒露,1988,10,8,9,44,28.88
霜降,1988,10,23,12,44,5.176
立冬,1988,11,7,12,48,54.07
小雪,1988,11,22,10,11,58.23
大雪,1988,12,7,5,34,28.04
冬至,1988,12,21,23,27,52.45
小寒,1989,1,5,16,45,55.82
大寒,1989,1,20,10,6,58.34
立春,1989,2,4,4,27,9.613
雨水,1989,2,19,0,20,29.72
@U,1989,3,5,22,34,8.392
春分,1989,3,20,23,28,14.65
清明,1989,4,5,3,29,54.27
b雨,1989,4,20,11,38,54.89
立夏,1989,5,5,21,53,55.4
小M,1989,5,21,10,53,31.53
芒N,1989,6,6,2,5,13.52
夏至,1989,6,21,18,53,0.501
小暑,1989,7,7,12,19,25.8
大暑,1989,7,23,5,45,28.52
立秋,1989,8,7,22,3,53.14
暑,1989,8,23,12,46,12.22
白露,1989,9,8,0,53,54.57
秋分,1989,9,23,9,19,35.63
寒露,1989,10,8,15,27,19.67
霜降,1989,10,23,18,35,7.743
立冬,1989,11,7,18,33,31.8
小雪,1989,11,22,16,4,36.6
大雪,1989,12,7,11,20,56.98
冬至,1989,12,22,5,22,0.303
小寒,1990,1,5,22,33,14.04
大寒,1990,1,20,16,1,33.06
立春,1990,2,4,10,14,0.222
雨水,1990,2,19,6,14,1.392
@U,1990,3,6,4,19,16.87
春分,1990,3,21,5,19,15.43
清明,1990,4,5,9,12,54.76
b雨,1990,4,20,17,26,32.02
立夏,1990,5,6,3,35,26.07
小M,1990,5,21,16,37,23.88
芒N,1990,6,6,7,46,18.02
夏至,1990,6,22,0,32,47.29
小暑,1990,7,7,18,0,28.56
大暑,1990,7,23,11,21,30.75
立秋,1990,8,8,3,45,31.39
暑,1990,8,23,18,20,49.41
白露,1990,9,8,6,37,27.36
秋分,1990,9,23,14,55,29.58
寒露,1990,10,8,21,13,47.42
霜降,1990,10,24,0,13,56.72
立冬,1990,11,8,0,23,28.37
小雪,1990,11,22,21,46,54.92
大雪,1990,12,7,17,14,9.331
冬至,1990,12,22,11,6,58.96
小寒,1991,1,6,4,28,6.938
大寒,1991,1,20,21,47,5.188
立春,1991,2,4,16,8,24.11
雨水,1991,2,19,11,58,19.15
@U,1991,3,6,10,12,14.7
春分,1991,3,21,11,1,55.47
清明,1991,4,5,15,4,41.78
b雨,1991,4,20,23,8,22.02
立夏,1991,5,6,9,26,52.8
小M,1991,5,21,22,20,14.62
芒N,1991,6,6,13,38,17.81
夏至,1991,6,22,6,18,46.43
小暑,1991,7,7,23,53,0.53
大暑,1991,7,23,17,11,7.345
立秋,1991,8,8,9,37,15.51
暑,1991,8,24,0,12,49.81
白露,1991,9,8,12,27,21.27
秋分,1991,9,23,20,48,4.784
寒露,1991,10,9,3,1,7.138
霜降,1991,10,24,6,5,9.793
立冬,1991,11,8,6,7,51.17
小雪,1991,11,23,3,35,44.61
大雪,1991,12,7,22,56,1.07
冬至,1991,12,22,16,53,38.15
小寒,1992,1,6,10,8,30.6
大寒,1992,1,21,3,32,28.84
立春,1992,2,4,21,48,15.98
雨水,1992,2,19,17,43,28.87
@U,1992,3,5,15,52,6.774
春分,1992,3,20,16,48,2.396
清明,1992,4,4,20,45,7.51
b雨,1992,4,20,3,56,52.76
立夏,1992,5,5,14,8,39.6
小M,1992,5,21,3,12,7.872
芒N,1992,6,5,18,22,19.56
夏至,1992,6,21,11,14,8.582
小暑,1992,7,7,4,40,15.45
大暑,1992,7,22,22,8,49.91
立秋,1992,8,7,14,27,22.81
暑,1992,8,23,5,10,6.661
白露,1992,9,7,17,18,18.68
秋分,1992,9,23,2,42,46.02
寒露,1992,10,8,8,51,27
霜降,1992,10,23,11,57,7.064
立冬,1992,11,7,11,57,1.396
小雪,1992,11,22,9,25,51.39
大雪,1992,12,7,4,44,11.66
冬至,1992,12,21,22,43,13.36
小寒,1993,1,5,15,56,31.2
大寒,1993,1,20,9,22,48.54
立春,1993,2,4,3,37,8.953
雨水,1993,2,18,23,35,9.279
@U,1993,3,5,21,42,31.4
春分,1993,3,20,22,40,37.6
清明,1993,4,5,2,37,9.515
b雨,1993,4,20,9,48,59.72
立夏,1993,5,5,20,1,42.01
小M,1993,5,21,9,1,42.9
芒N,1993,6,6,0,15,13.11
夏至,1993,6,21,16,59,43.73
小暑,1993,7,7,10,32,2.232
大暑,1993,7,23,3,50,49.79
立秋,1993,8,7,20,17,58.12
暑,1993,8,23,10,50,17.19
白露,1993,9,7,23,7,47.4
秋分,1993,9,23,8,22,28.11
寒露,1993,10,8,14,40,1.885
霜降,1993,10,23,17,37,7.59
立冬,1993,11,7,17,45,33.03
小雪,1993,11,22,15,6,50.18
大雪,1993,12,7,10,33,48.82
冬至,1993,12,22,4,25,47.85
小寒,1994,1,5,21,48,6.46
大寒,1994,1,20,15,7,23.84
立春,1994,2,4,9,30,55.23
雨水,1994,2,19,5,21,38.08
@U,1994,3,6,3,37,40.05
春分,1994,3,21,4,28,0.112
清明,1994,4,5,8,31,46.63
b雨,1994,4,20,15,35,59.78
立夏,1994,5,6,1,54,4.678
小M,1994,5,21,14,48,27.78
芒N,1994,6,6,6,4,51.79
夏至,1994,6,21,22,47,31.92
小暑,1994,7,7,16,19,21.36
大暑,1994,7,23,9,40,59.58
立秋,1994,8,8,2,4,20.95
暑,1994,8,23,16,43,44.68
白露,1994,9,8,4,55,6.323
秋分,1994,9,23,14,19,12.52
寒露,1994,10,8,20,29,3.448
霜降,1994,10,23,23,36,0.915
立冬,1994,11,7,23,35,36.1
小雪,1994,11,22,21,5,58.32
大雪,1994,12,7,16,22,53.63
冬至,1994,12,22,10,22,42.62
小寒,1995,1,6,3,34,4.719
大寒,1995,1,20,21,0,25.99
立春,1995,2,4,15,12,50.56
雨水,1995,2,19,11,10,42.37
@U,1995,3,6,9,16,3.5
春分,1995,3,21,10,14,24.96
清明,1995,4,5,14,8,6.014
b雨,1995,4,20,21,21,27.99
立夏,1995,5,6,7,30,3.229
小M,1995,5,21,20,34,11.95
芒N,1995,6,6,11,42,28.59
夏至,1995,6,22,4,34,22.28
小暑,1995,7,7,22,0,59.25
大暑,1995,7,23,15,29,39.38
立秋,1995,8,8,7,51,43.75
暑,1995,8,23,22,34,49.21
白露,1995,9,8,10,48,33.98
秋分,1995,9,23,20,12,58.9
寒露,1995,10,9,2,27,12.13
霜降,1995,10,24,5,31,30.32
立冬,1995,11,8,5,35,35.87
小雪,1995,11,23,3,1,22.88
大雪,1995,12,7,22,22,15.45
冬至,1995,12,22,16,16,47.38
小寒,1996,1,6,9,31,26.27
大寒,1996,1,21,2,52,29.48
立春,1996,2,4,21,7,52.06
雨水,1996,2,19,17,0,42.59
@U,1996,3,5,15,9,36.94
春分,1996,3,20,16,3,4.152
清明,1996,4,4,20,1,59.52
b雨,1996,4,20,3,9,52.8
立夏,1996,5,5,13,25,59.95
小M,1996,5,21,2,23,5.727
芒N,1996,6,5,17,40,46.86
夏至,1996,6,21,10,23,43.66
小暑,1996,7,7,3,59,59.28
大暑,1996,7,22,21,18,41.32
立秋,1996,8,7,13,48,47.36
暑,1996,8,23,4,22,48.48
白露,1996,9,7,16,42,23.69
秋分,1996,9,23,2,0,5.754
寒露,1996,10,8,8,18,41.07
霜降,1996,10,23,11,18,41.73
立冬,1996,11,7,11,26,33
小雪,1996,11,22,8,49,24.88
大雪,1996,12,7,4,14,0.488
冬至,1996,12,21,22,5,52.8
小寒,1997,1,5,15,24,27.75
大寒,1997,1,20,8,42,30.11
立春,1997,2,4,3,1,56.83
雨水,1997,2,18,22,51,27.95
@U,1997,3,5,21,4,7.642
春分,1997,3,20,21,54,39.14
清明,1997,4,5,1,56,16.07
b雨,1997,4,20,9,2,48.3
立夏,1997,5,5,19,19,26.62
小M,1997,5,21,8,17,52.06
芒N,1997,6,5,23,32,31.5
夏至,1997,6,21,16,19,55.5
小暑,1997,7,7,9,49,23.01
大暑,1997,7,23,3,15,25.83
立秋,1997,8,7,19,36,18.02
暑,1997,8,23,10,19,10.56
白露,1997,9,7,22,28,48.62
秋分,1997,9,23,7,55,46.08
寒露,1997,10,8,14,5,9.757
霜降,1997,10,23,17,14,45.21
立冬,1997,11,7,17,14,38.29
小雪,1997,11,22,14,47,33.14
大雪,1997,12,7,10,4,52.16
冬至,1997,12,22,4,7,1.762
小寒,1998,1,5,21,18,7.964
大寒,1998,1,20,14,46,3.474
立春,1998,2,4,8,56,51.12
雨水,1998,2,19,4,54,52.18
@U,1998,3,6,2,57,13.75
春分,1998,3,21,3,54,31.58
清明,1998,4,5,7,44,56.47
b雨,1998,4,20,14,56,43.71
立夏,1998,5,6,1,3,9.957
小M,1998,5,21,14,5,25.87
芒N,1998,6,6,5,13,22.33
夏至,1998,6,21,22,2,34.25
小暑,1998,7,7,15,30,24.78
大暑,1998,7,23,8,55,22.2
立秋,1998,8,8,1,19,49.15
暑,1998,8,23,15,58,56.48
白露,1998,9,8,4,15,54.08
秋分,1998,9,23,13,37,11.3
寒露,1998,10,8,19,55,44.08
霜降,1998,10,23,22,58,35.17
立冬,1998,11,7,23,8,22.64
小雪,1998,11,22,20,34,12.86
大雪,1998,12,7,16,1,35.12
冬至,1998,12,22,9,56,27.36
小寒,1999,1,6,3,17,8.578
大寒,1999,1,20,20,37,20.3
立春,1999,2,4,14,57,2.65
雨水,1999,2,19,10,46,49.49
@U,1999,3,6,8,57,41.77
春分,1999,3,21,9,45,48.98
清明,1999,4,5,13,44,36.88
b雨,1999,4,20,20,45,59.16
立夏,1999,5,6,7,0,59.72
小M,1999,5,21,19,52,25.04
芒N,1999,6,6,11,9,7.245
夏至,1999,6,22,3,49,6.653
小暑,1999,7,7,21,24,58.69
大暑,1999,7,23,14,44,6.529
立秋,1999,8,8,7,14,6.79
暑,1999,8,23,21,51,4.025
白露,1999,9,8,10,9,59.4
秋分,1999,9,23,19,31,30.19
寒露,1999,10,9,1,48,22.01
霜降,1999,10,24,4,52,13.33
立冬,1999,11,8,4,57,52.34
小雪,1999,11,23,2,24,50.27
大雪,1999,12,7,21,47,27.91
冬至,1999,12,22,15,43,48.2
小寒,2000,1,6,9,0,41.2
大寒,2000,1,21,2,23,2.062
立春,2000,2,4,20,40,22.99
雨水,2000,2,19,16,33,17.5
@U,2000,3,5,14,42,38.94
春分,2000,3,20,15,35,14.63
清明,2000,4,4,19,31,57.75
b雨,2000,4,20,2,39,30.39
立夏,2000,5,5,12,50,9.494
小M,2000,5,21,1,49,24.9
芒N,2000,6,5,16,58,33.73
夏至,2000,6,21,9,47,42.27
小暑,2000,7,7,3,13,56.43
大暑,2000,7,22,20,42,41.08
立秋,2000,8,7,13,2,59.54
暑,2000,8,23,3,48,31.22
白露,2000,9,7,15,59,9.612
秋分,2000,9,23,1,27,35.49
寒露,2000,10,8,7,38,11.94
霜降,2000,10,23,10,47,28.72
立冬,2000,11,7,10,48,3.328
小雪,2000,11,22,8,19,20.69
大雪,2000,12,7,3,37,1.673
冬至,2000,12,21,21,37,25.52
小寒,2001,1,5,14,49,15.29
大寒,2001,1,20,8,16,17.27
立春,2001,2,4,2,28,49.7
雨水,2001,2,18,22,27,15.29
@U,2001,3,5,20,32,29.51
春分,2001,3,20,21,30,42.35
清明,2001,4,5,1,24,22.27
b雨,2001,4,20,8,35,52.33
立夏,2001,5,5,18,44,49.71
小M,2001,5,21,7,44,11.89
芒N,2001,6,5,22,53,35.66
夏至,2001,6,21,15,37,43.19
小暑,2001,7,7,9,6,41.81
大暑,2001,7,23,2,26,14.1
立秋,2001,8,7,18,52,20.63
暑,2001,8,23,9,27,8.873
白露,2001,9,7,21,46,10.89
秋分,2001,9,23,7,4,28.3
寒露,2001,10,8,13,25,1.697
霜降,2001,10,23,16,25,35.48
立冬,2001,11,7,16,36,52.47
小雪,2001,11,22,14,0,27.19
大雪,2001,12,7,9,28,52.28
冬至,2001,12,22,3,21,29.25
小寒,2002,1,5,20,43,30.11
大寒,2002,1,20,14,2,1.539
立春,2002,2,4,8,24,5.153
雨水,2002,2,19,4,13,18.76
@U,2002,3,6,2,27,32.28
春分,2002,3,21,3,16,8.151
清明,2002,4,5,7,18,15.86
b雨,2002,4,20,14,20,28.16
立夏,2002,5,6,0,37,16.55
小M,2002,5,21,13,29,5.484
芒N,2002,6,6,4,44,46.06
夏至,2002,6,21,21,24,23.98
小暑,2002,7,7,14,56,11.44
大暑,2002,7,23,8,14,51.24
立秋,2002,8,8,0,39,18.74
暑,2002,8,23,15,16,58.58
白露,2002,9,8,3,31,2.19
秋分,2002,9,23,12,55,23.25
寒露,2002,10,8,19,9,18.21
霜降,2002,10,23,22,17,49.35
立冬,2002,11,7,22,21,48.63
小雪,2002,11,22,19,53,43.91
大雪,2002,12,7,15,14,13.21
冬至,2002,12,22,9,14,21.78
小寒,2003,1,6,2,27,43.07
大寒,2003,1,20,19,52,34.18
立春,2003,2,4,14,5,19.61
雨水,2003,2,19,10,0,12.43
@U,2003,3,6,8,4,52.68
春分,2003,3,21,8,59,45.36
清明,2003,4,5,12,52,29.04
b雨,2003,4,20,20,2,45.99
立夏,2003,5,6,6,10,29.07
小M,2003,5,21,19,12,23.43
芒N,2003,6,6,10,19,43.02
夏至,2003,6,22,3,10,27.16
小暑,2003,7,7,20,35,39.03
大暑,2003,7,23,14,4,8.366
立秋,2003,8,8,6,24,18.05
暑,2003,8,23,21,8,9.975
白露,2003,9,8,9,20,14
秋分,2003,9,23,18,46,48.9
寒露,2003,10,9,1,0,32.41
霜降,2003,10,24,4,8,26.25
立冬,2003,11,8,4,13,11.1
小雪,2003,11,23,1,43,21.55
大雪,2003,12,7,21,5,9.171
冬至,2003,12,22,15,3,48.33
小寒,2004,1,6,8,18,32
大寒,2004,1,21,1,42,22.54
立春,2004,2,4,19,56,11.9
雨水,2004,2,19,15,49,59.43
@U,2004,3,5,13,55,37.26
春分,2004,3,20,14,48,37.63
清明,2004,4,4,18,43,18.04
b雨,2004,4,20,1,50,24.15
立夏,2004,5,5,12,2,26.83
小M,2004,5,21,0,59,11.61
芒N,2004,6,5,16,13,44.59
夏至,2004,6,21,8,56,51.76
小暑,2004,7,7,2,31,15.7
大暑,2004,7,22,19,50,9.363
立秋,2004,8,7,12,19,35.5
暑,2004,8,23,2,53,15.1
白露,2004,9,7,15,12,53.98
秋分,2004,9,23,0,29,49.56
寒露,2004,10,8,6,49,17.21
霜降,2004,10,23,9,48,48.75
立冬,2004,11,7,9,58,33.11
小雪,2004,11,22,7,21,40.71
大雪,2004,12,7,2,48,56.98
冬至,2004,12,21,20,41,35.78
小寒,2005,1,5,14,2,59.3
大寒,2005,1,20,7,21,33.05
立春,2005,2,4,1,43,2.151
雨水,2005,2,18,21,31,55.11
@U,2005,3,5,19,45,10.2
春分,2005,3,20,20,33,24.51
清明,2005,4,5,0,34,15.99
b雨,2005,4,20,7,37,13.73
立夏,2005,5,5,17,52,49.66
小M,2005,5,21,6,47,23.54
芒N,2005,6,5,22,1,51.98
夏至,2005,6,21,14,46,6.885
小暑,2005,7,7,8,16,33.92
大暑,2005,7,23,1,40,41.39
立秋,2005,8,7,18,3,21.73
暑,2005,8,23,8,45,26.93
白露,2005,9,7,20,56,39.78
秋分,2005,9,23,6,23,9.522
寒露,2005,10,8,12,33,18.02
霜降,2005,10,23,15,42,19.44
立冬,2005,11,7,15,42,26.72
小雪,2005,11,22,13,14,58.22
大雪,2005,12,7,8,32,41.35
冬至,2005,12,22,2,34,56
小寒,2006,1,5,19,46,57.73
大寒,2006,1,20,13,15,18.73
立春,2006,2,4,7,27,16.37
雨水,2006,2,19,3,25,34.77
@U,2006,3,6,1,28,38.8
春分,2006,3,21,2,25,33.98
清明,2006,4,5,6,15,28.74
b雨,2006,4,20,13,26,3.647
立夏,2006,5,5,23,30,38.01
小M,2006,5,21,12,31,32.94
芒N,2006,6,6,3,36,58.29
夏至,2006,6,21,20,25,51.17
小暑,2006,7,7,13,51,27.32
大暑,2006,7,23,7,17,41.79
立秋,2006,8,7,23,40,47.83
暑,2006,8,23,14,22,35.05
白露,2006,9,8,2,39,1.259
秋分,2006,9,23,12,3,22.28
寒露,2006,10,8,18,21,21.75
霜降,2006,10,23,21,26,27.57
立冬,2006,11,7,21,34,49.13
小雪,2006,11,22,19,1,44.54
大雪,2006,12,7,14,26,47.61
冬至,2006,12,22,8,22,5.358
小寒,2007,1,6,1,40,9.319
大寒,2007,1,20,19,0,49.42
立春,2007,2,4,13,18,12.53
雨水,2007,2,19,9,8,55.94
@U,2007,3,6,7,17,59.15
春分,2007,3,21,8,7,24.86
清明,2007,4,5,12,4,38.41
b雨,2007,4,20,19,7,2.531
立夏,2007,5,6,5,20,23.12
小M,2007,5,21,18,11,55.09
芒N,2007,6,6,9,27,3.989
夏至,2007,6,22,2,6,25.08
小暑,2007,7,7,19,41,43.3
大暑,2007,7,23,13,0,10.27
立秋,2007,8,8,5,31,14.38
暑,2007,8,23,20,7,58.2
白露,2007,9,8,8,29,28.34
秋分,2007,9,23,17,51,13.1
寒露,2007,10,9,0,11,29.23
霜降,2007,10,24,3,15,23.18
立冬,2007,11,8,3,24,0.832
小雪,2007,11,23,0,49,53.34
大雪,2007,12,7,20,14,4.919
冬至,2007,12,22,14,7,48.19
小寒,2008,1,6,7,24,49.92
大寒,2008,1,21,0,43,31.59
立春,2008,2,4,19,0,24.12
雨水,2008,2,19,14,49,32.89
@U,2008,3,5,12,58,48.08
春分,2008,3,20,13,48,17.04
清明,2008,4,4,17,45,50.87
b雨,2008,4,20,0,51,7.101
立夏,2008,5,5,11,3,25.07
小M,2008,5,21,0,0,53.02
芒N,2008,6,5,15,11,42.89
夏至,2008,6,21,7,59,21.14
小暑,2008,7,7,1,26,49.48
大暑,2008,7,22,18,54,47.63
立秋,2008,8,7,11,16,10.49
暑,2008,8,23,2,2,13.98
白露,2008,9,7,14,14,8.174
秋分,2008,9,22,23,44,28.48
寒露,2008,10,8,5,56,36.96
霜降,2008,10,23,9,8,37.96
立冬,2008,11,7,9,10,33.25
小雪,2008,11,22,6,44,19.71
大雪,2008,12,7,2,2,17.43
冬至,2008,12,21,20,3,44.93
小寒,2009,1,5,13,14,7.791
大寒,2009,1,20,6,40,19.62
立春,2009,2,4,0,49,48.27
雨水,2009,2,18,20,46,6.59
@U,2009,3,5,18,47,31.97
春分,2009,3,20,19,43,37.76
清明,2009,4,4,23,33,46.36
b雨,2009,4,20,6,44,24.02
立夏,2009,5,5,16,50,49.7
小M,2009,5,21,5,51,9.947
芒N,2009,6,5,20,59,3.835
夏至,2009,6,21,13,45,31.26
小暑,2009,7,7,7,13,29.69
大暑,2009,7,23,0,35,42.85
立秋,2009,8,7,17,1,8.819
暑,2009,8,23,7,38,33.95
白露,2009,9,7,19,57,35.91
秋分,2009,9,23,5,18,35.01
寒露,2009,10,8,11,40,2.809
霜降,2009,10,23,14,43,27.93
立冬,2009,11,7,14,56,14.87
小雪,2009,11,22,12,22,33.62
大雪,2009,12,7,7,52,13.69
冬至,2009,12,22,1,46,47.18
小寒,2010,1,5,19,8,47.08
大寒,2010,1,20,12,27,41.66
立春,2010,2,4,6,47,50.64
雨水,2010,2,19,2,35,37.1
@U,2010,3,6,0,46,19.93
春分,2010,3,21,1,32,11.89
清明,2010,4,5,5,30,27.97
b雨,2010,4,20,12,29,47.74
立夏,2010,5,5,22,44,0.578
小M,2010,5,21,11,33,53.63
芒N,2010,6,6,2,49,23.23
夏至,2010,6,21,19,28,24.31
小暑,2010,7,7,13,2,23.95
大暑,2010,7,23,6,21,12.37
立秋,2010,8,7,22,49,8.537
暑,2010,8,23,13,26,56.76
白露,2010,9,8,1,44,40.7
秋分,2010,9,23,11,9,1.405
寒露,2010,10,8,17,26,28.4
霜降,2010,10,23,20,35,2.772
立冬,2010,11,7,20,42,29.44
小雪,2010,11,22,18,14,33.41
大雪,2010,12,7,13,38,22.93
冬至,2010,12,22,7,38,26.99
小寒,2011,1,6,0,54,37.83
大寒,2011,1,20,18,18,31.77
立春,2011,2,4,12,32,56.16
雨水,2011,2,19,8,25,18.93
@U,2011,3,6,6,29,57.85
春分,2011,3,21,7,20,42.89
清明,2011,4,5,11,11,57.93
b雨,2011,4,20,18,17,24.9
立夏,2011,5,6,4,23,12.68
小M,2011,5,21,17,21,9.617
芒N,2011,6,6,8,27,20.29
夏至,2011,6,22,1,16,29.61
小暑,2011,7,7,18,42,0.226
大暑,2011,7,23,12,11,49.4
立秋,2011,8,8,4,33,25.69
暑,2011,8,23,19,20,38.47
白露,2011,9,8,7,34,12.75
秋分,2011,9,23,17,4,37.56
寒露,2011,10,8,23,19,4.784
霜降,2011,10,24,2,30,17.95
立冬,2011,11,8,2,34,54.91
小雪,2011,11,23,0,7,48.76
大雪,2011,12,7,19,28,59.34
冬至,2011,12,22,13,30,1.999
小寒,2012,1,6,6,43,54.76
大寒,2012,1,21,0,9,49.89
立春,2012,2,4,18,22,22.99
雨水,2012,2,19,14,17,36.11
@U,2012,3,5,12,21,1.91
春分,2012,3,20,13,14,24.74
清明,2012,4,4,17,5,34.82
b雨,2012,4,20,0,12,3.855
立夏,2012,5,5,10,19,39.78
小M,2012,5,20,23,15,31.06
芒N,2012,6,5,14,25,53.39
夏至,2012,6,21,7,8,47.97
小暑,2012,7,7,0,40,43.33
大暑,2012,7,22,18,0,51.72
立秋,2012,8,7,10,30,32.62
暑,2012,8,23,1,6,49.3
白露,2012,9,7,13,29,0.041
秋分,2012,9,22,22,48,57.88
寒露,2012,10,8,5,11,42.08
霜降,2012,10,23,8,13,33.4
立冬,2012,11,7,8,25,57.09
小雪,2012,11,22,5,50,8.633
大雪,2012,12,7,1,18,55.89
冬至,2012,12,21,19,11,36.2
小寒,2013,1,5,12,33,37.93
大寒,2013,1,20,5,51,42.98
立春,2013,2,4,0,13,25.03
雨水,2013,2,18,20,1,35.24
@U,2013,3,5,18,14,50.31
春分,2013,3,20,19,1,54.3
清明,2013,4,4,23,2,26.65
b雨,2013,4,20,6,3,16.68
立夏,2013,5,5,16,18,9.574
小M,2013,5,21,5,9,29.72
芒N,2013,6,5,20,23,19.7
夏至,2013,6,21,13,3,56.47
小暑,2013,7,7,6,34,35.98
大暑,2013,7,22,23,55,58.17
立秋,2013,8,7,16,20,20.76
暑,2013,8,23,7,1,41.68
白露,2013,9,7,19,16,14.88
秋分,2013,9,23,4,44,7.56
寒露,2013,10,8,10,58,28.79
霜降,2013,10,23,14,9,48.75
立冬,2013,11,7,14,13,52.29
小雪,2013,11,22,11,48,7.005
大雪,2013,12,7,7,8,32.07
冬至,2013,12,22,1,10,59.44
小寒,2014,1,5,18,24,10.91
大寒,2014,1,20,11,51,14.4
立春,2014,2,4,6,3,15.7
雨水,2014,2,19,1,59,28.71
@U,2014,3,6,0,2,14.71
春分,2014,3,21,0,57,4.441
清明,2014,4,5,4,46,38.57
b雨,2014,4,20,11,55,31.22
立夏,2014,5,5,21,59,24.87
小M,2014,5,21,10,59,2.212
芒N,2014,6,6,2,3,1.843
夏至,2014,6,21,18,51,12.75
小暑,2014,7,7,12,14,45.27
大暑,2014,7,23,5,41,20.64
立秋,2014,8,7,22,2,27.37
暑,2014,8,23,12,45,57.29
白露,2014,9,8,1,1,24.19
秋分,2014,9,23,10,29,3.049
寒露,2014,10,8,16,47,28.38
霜降,2014,10,23,19,57,1.812
立冬,2014,11,7,20,6,38.85
小雪,2014,11,22,17,38,9.26
大雪,2014,12,7,13,4,4.509
冬至,2014,12,22,7,2,59.32
小寒,2015,1,6,0,20,31.34
大寒,2015,1,20,17,43,13.26
立春,2015,2,4,11,58,25.84
雨水,2015,2,19,7,49,46.56
@U,2015,3,6,5,55,37.92
春分,2015,3,21,6,45,6.664
清明,2015,4,5,10,39,5.25
b雨,2015,4,20,17,41,48.98
立夏,2015,5,6,3,52,32.97
小M,2015,5,21,16,44,44.69
芒N,2015,6,6,7,58,8.244
夏至,2015,6,22,0,37,52.77
小暑,2015,7,7,18,12,13.32
大暑,2015,7,23,11,30,24.72
立秋,2015,8,8,4,1,21.13
暑,2015,8,23,18,37,14.28
白露,2015,9,8,6,59,31.4
秋分,2015,9,23,16,20,30.26
寒露,2015,10,8,22,42,46.79
霜降,2015,10,24,1,46,41.23
立冬,2015,11,8,1,58,35.76
小雪,2015,11,22,23,25,14.73
大雪,2015,12,7,18,53,18.66
冬至,2015,12,22,12,47,53.87
小寒,2016,1,6,6,8,19.83
大寒,2016,1,20,23,27,2.71
立春,2016,2,4,17,45,59.21
雨水,2016,2,19,13,33,40.51
@U,2016,3,5,11,43,29.62
春分,2016,3,20,12,30,8.024
清明,2016,4,4,16,27,28.6
b雨,2016,4,19,23,29,23.11
立夏,2016,5,5,9,41,50.21
小M,2016,5,20,22,36,25.95
芒N,2016,6,5,13,48,27.5
夏至,2016,6,21,6,34,7.491
小暑,2016,7,7,0,3,18.51
大暑,2016,7,22,17,30,9.118
立秋,2016,8,7,9,52,58.54
暑,2016,8,23,0,38,25.15
白露,2016,9,7,12,51,2.1
秋分,2016,9,22,22,21,3.707
寒露,2016,10,8,4,33,19.21
霜降,2016,10,23,7,45,29.55
立冬,2016,11,7,7,47,38.21
小雪,2016,11,22,5,22,19.26
大雪,2016,12,7,0,41,4.106
冬至,2016,12,21,18,44,6.444
小寒,2017,1,5,11,55,41.04
大寒,2017,1,20,5,23,32.85
立春,2017,2,3,23,33,59.92
雨水,2017,2,18,19,31,15.97
@U,2017,3,5,17,32,39.83
春分,2017,3,20,18,28,34.22
清明,2017,4,4,22,17,15.96
b雨,2017,4,20,5,26,56.96
立夏,2017,5,5,15,30,58.32
小M,2017,5,21,4,30,51.64
芒N,2017,6,5,19,36,32.27
夏至,2017,6,21,12,24,4.871
小暑,2017,7,7,5,50,37.21
大暑,2017,7,22,23,15,17.21
立秋,2017,8,7,15,39,55.6
暑,2017,8,23,6,20,8.626
白露,2017,9,7,18,38,32.2
秋分,2017,9,23,4,1,43.46
寒露,2017,10,8,10,22,3.547
霜降,2017,10,23,13,26,36.47
立冬,2017,11,7,13,37,44.5
小雪,2017,11,22,11,4,34.32
大雪,2017,12,7,6,32,34.38
冬至,2017,12,22,0,27,51.98
小寒,2018,1,5,17,48,39.43
大寒,2018,1,20,11,8,56.41
立春,2018,2,4,5,28,24.22
雨水,2018,2,19,1,17,55.53
@U,2018,3,5,23,28,5.645
春分,2018,3,21,0,15,22.13
清明,2018,4,5,4,12,42.16
b雨,2018,4,20,11,12,27.45
立夏,2018,5,5,21,25,16.69
小M,2018,5,21,10,14,31.96
芒N,2018,6,6,1,29,3.201
夏至,2018,6,21,18,7,12.16
小暑,2018,7,7,11,41,46.61
大暑,2018,7,23,5,0,14.82
立秋,2018,8,7,21,30,34.34
暑,2018,8,23,12,8,28.03
白露,2018,9,8,0,29,36.34
秋分,2018,9,23,9,53,59.69
寒露,2018,10,8,16,14,37.47
霜降,2018,10,23,19,22,17.63
立冬,2018,11,7,19,31,39.9
小雪,2018,11,22,17,1,23.75
大雪,2018,12,7,12,25,49.11
冬至,2018,12,22,6,22,37.79
小寒,2019,1,5,23,38,51.51
大寒,2019,1,20,16,59,26.05
立春,2019,2,4,11,14,12.86
雨水,2019,2,19,7,3,49.81
@U,2019,3,6,5,9,37.91
春分,2019,3,21,5,58,19.12
清明,2019,4,5,9,51,19.74
b雨,2019,4,20,16,55,9.406
立夏,2019,5,6,3,2,38.85
小M,2019,5,21,15,59,0.325
芒N,2019,6,6,7,6,17.14
夏至,2019,6,21,23,54,7.883
小暑,2019,7,7,17,20,24.3
大暑,2019,7,23,10,50,15.37
立秋,2019,8,8,3,12,56.19
暑,2019,8,23,18,1,53.14
白露,2019,9,8,6,16,44.71
秋分,2019,9,23,15,50,3.079
寒露,2019,10,8,22,5,30.23
霜降,2019,10,24,1,19,36.71
立冬,2019,11,8,1,24,14.54
小雪,2019,11,22,22,58,48.27
大雪,2019,12,7,18,18,20.39
冬至,2019,12,22,12,19,18.22
小寒,2020,1,6,5,29,58.59
大寒,2020,1,20,22,54,32.23
立春,2020,2,4,17,3,11.9
雨水,2020,2,19,12,56,52.1
@U,2020,3,5,10,56,45.12
春分,2020,3,20,11,49,28.93
清明,2020,4,4,15,38,1.873
b雨,2020,4,19,22,45,20.64
立夏,2020,5,5,8,51,14.91
小M,2020,5,20,21,49,8.717
芒N,2020,6,5,12,58,17.33
夏至,2020,6,21,5,43,32.33
小暑,2020,7,6,23,14,18.78
大暑,2020,7,22,16,36,43.85
立秋,2020,8,7,9,6,2.811
暑,2020,8,22,23,44,47.18
白露,2020,9,7,12,7,54.21
秋分,2020,9,22,21,30,30.3
寒露,2020,10,8,3,55,6.88
霜降,2020,10,23,6,59,23.39
立冬,2020,11,7,7,13,46.2
小雪,2020,11,22,4,39,36.3
大雪,2020,12,7,0,9,21.08
冬至,2020,12,21,18,2,11.08
小寒,2021,1,5,11,23,16.29
大寒,2021,1,20,4,39,42.17
立春,2021,2,3,22,58,38.19
雨水,2021,2,18,18,43,48.67
@U,2021,3,5,16,53,31.27
春分,2021,3,20,17,37,18.76
清明,2021,4,4,21,34,56.41
b雨,2021,4,20,4,33,14.09
立夏,2021,5,5,14,47,0.452
小M,2021,5,21,3,36,56.79
芒N,2021,6,5,18,51,55.94
夏至,2021,6,21,11,31,59.68
小暑,2021,7,7,5,5,18.51
大暑,2021,7,22,22,26,15.51
立秋,2021,8,7,14,53,48.18
暑,2021,8,23,5,34,48.46
白露,2021,9,7,17,52,45.88
秋分,2021,9,23,3,20,54.96
寒露,2021,10,8,9,38,51.61
霜降,2021,10,23,12,50,59.49
立冬,2021,11,7,12,58,34.99
小雪,2021,11,22,10,33,33.02
大雪,2021,12,7,5,56,52.92
冬至,2021,12,21,23,59,7.354
小寒,2022,1,5,17,13,52.6
大寒,2022,1,20,10,38,55.92
立春,2022,2,4,4,50,36.5
雨水,2022,2,19,0,42,49.97
@U,2022,3,5,22,43,34.28
春分,2022,3,20,23,33,13.6
清明,2022,4,5,3,20,3.263
b雨,2022,4,20,10,24,5.309
立夏,2022,5,5,20,25,45.91
小M,2022,5,21,9,22,23.19
芒N,2022,6,6,0,25,36.71
夏至,2022,6,21,17,13,39.37
小暑,2022,7,7,10,37,48.51
大暑,2022,7,23,4,6,47.8
立秋,2022,8,7,20,28,57.61
暑,2022,8,23,11,15,58.41
白露,2022,9,7,23,32,6.499
秋分,2022,9,23,9,3,30.16
寒露,2022,10,8,15,22,15.36
霜降,2022,10,23,18,35,29.71
立冬,2022,11,7,18,45,16.93
小雪,2022,11,22,16,20,17.23
大雪,2022,12,7,11,46,3.424
冬至,2022,12,22,5,48,0.537
小寒,2023,1,5,23,4,38.13
大寒,2023,1,20,16,29,21.26
立春,2023,2,4,10,42,20.51
雨水,2023,2,19,6,34,6.066
@U,2023,3,6,4,36,1.447
春分,2023,3,21,5,24,13.67
清明,2023,4,5,9,12,50.76
b雨,2023,4,20,16,13,24.92
立夏,2023,5,6,2,18,32.54
小M,2023,5,21,15,8,58.13
芒N,2023,6,6,6,18,8.221
夏至,2023,6,21,22,57,36.5
小暑,2023,7,7,16,30,28.38
大暑,2023,7,23,9,50,14.95
立秋,2023,8,8,2,22,40.08
暑,2023,8,23,17,1,5.758
白露,2023,9,8,5,26,28.76
秋分,2023,9,23,14,49,45.94
寒露,2023,10,8,21,15,21.32
霜降,2023,10,24,0,20,38.68
立冬,2023,11,8,0,35,22.01
小雪,2023,11,22,22,2,28.46
大雪,2023,12,7,17,32,43.15
冬至,2023,12,22,11,27,7.876
小寒,2024,1,6,4,49,8.447
大寒,2024,1,20,22,7,6.597
立春,2024,2,4,16,26,53.42
雨水,2024,2,19,12,12,56.07
@U,2024,3,5,10,22,31.86
春分,2024,3,20,11,6,9.767
清明,2024,4,4,15,2,3.236
b雨,2024,4,19,21,59,30.96
立夏,2024,5,5,8,9,50.47
小M,2024,5,20,20,59,15.7
芒N,2024,6,5,12,9,38.98
夏至,2024,6,21,4,50,45
小暑,2024,7,6,22,19,48.55
大暑,2024,7,22,15,44,10.83
立秋,2024,8,7,8,9,1.468
暑,2024,8,22,22,54,47.9
白露,2024,9,7,11,11,5.746
秋分,2024,9,22,20,43,24.4
寒露,2024,10,8,2,59,42.09
霜降,2024,10,23,6,14,29.11
立冬,2024,11,7,6,19,49.15
小雪,2024,11,22,3,56,14.33
大雪,2024,12,6,23,16,47.11
冬至,2024,12,21,17,20,18.65
小寒,2025,1,5,10,32,30.71
大寒,2025,1,20,3,59,51.76
立春,2025,2,3,22,10,12.34
雨水,2025,2,18,18,6,18.46
@U,2025,3,5,16,7,0.27
春分,2025,3,20,17,1,12.99
清明,2025,4,4,20,48,17.74
b雨,2025,4,20,3,55,45.07
立夏,2025,5,5,13,56,55.27
小M,2025,5,21,2,54,21.98
芒N,2025,6,5,17,56,14.88
夏至,2025,6,21,10,41,59.33
小暑,2025,7,7,4,4,42.7
大暑,2025,7,22,21,29,10.65
立秋,2025,8,7,13,51,18.17
暑,2025,8,23,4,33,34.88
白露,2025,9,7,16,51,40
秋分,2025,9,23,2,19,3.76
寒露,2025,10,8,8,40,55.32
霜降,2025,10,23,11,50,38.57
立冬,2025,11,7,12,3,45.87
小雪,2025,11,22,9,35,17.54
大雪,2025,12,7,5,4,17.9
冬至,2025,12,21,23,2,48.01
小寒,2026,1,5,16,22,52.28
大寒,2026,1,20,9,44,38.83
立春,2026,2,4,4,1,50.62
雨水,2026,2,18,23,51,38.13
@U,2026,3,5,21,58,41.66
春分,2026,3,20,22,45,39.94
清明,2026,4,5,2,39,41.61
b雨,2026,4,20,9,38,48.85
立夏,2026,5,5,19,48,25.98
小M,2026,5,21,8,36,26.54
芒N,2026,6,5,23,48,4.05
夏至,2026,6,21,16,24,12.46
小暑,2026,7,7,9,56,39.39
大暑,2026,7,23,3,12,47.16
立秋,2026,8,7,19,42,26.45
暑,2026,8,23,10,18,30.25
白露,2026,9,7,22,40,59
秋分,2026,9,23,8,4,54.86
寒露,2026,10,8,14,28,59.12
霜降,2026,10,23,17,37,37.86
立冬,2026,11,7,17,51,45.83
小雪,2026,11,22,15,23,1.996
大雪,2026,12,7,10,52,12.85
冬至,2026,12,22,4,49,55.49
小寒,2027,1,5,22,9,39.14
大寒,2027,1,20,15,29,32.07
立春,2027,2,4,9,45,59.36
雨水,2027,2,19,5,33,9.645
@U,2027,3,6,3,39,12.61
春分,2027,3,21,4,24,22.26
清明,2027,4,5,8,17,10.13
b雨,2027,4,20,15,17,18.37
立夏,2027,5,6,1,24,52
小M,2027,5,21,14,17,55.14
芒N,2027,6,6,5,25,28.82
夏至,2027,6,21,22,10,30.57
小暑,2027,7,7,15,36,44.13
大暑,2027,7,23,9,4,20.04
立秋,2027,8,8,1,26,26.42
暑,2027,8,23,16,13,59.38
白露,2027,9,8,4,28,6.699
秋分,2027,9,23,14,1,23.26
寒露,2027,10,8,20,16,44.51
霜降,2027,10,23,23,32,32.19
立冬,2027,11,7,23,38,13.61
小雪,2027,11,22,21,15,53.36
大雪,2027,12,7,16,37,20.24
冬至,2027,12,22,10,41,49.3
小寒,2028,1,6,3,54,18.38
大寒,2028,1,20,21,21,35.47
立春,2028,2,4,15,30,53.66
雨水,2028,2,19,11,25,40.76
@U,2028,3,5,9,24,27.56
春分,2028,3,20,10,16,47.56
清明,2028,4,4,14,2,44.4
b雨,2028,4,19,21,9,8.234
立夏,2028,5,5,7,11,49.99
小M,2028,5,20,20,9,27.23
芒N,2028,6,5,11,15,38.6
夏至,2028,6,21,4,1,39.17
小暑,2028,7,6,21,29,57.13
大暑,2028,7,22,14,53,37.76
立秋,2028,8,7,7,20,48.67
暑,2028,8,22,22,0,33.75
白露,2028,9,7,10,21,46.97
秋分,2028,9,22,19,44,56.91
寒露,2028,10,8,2,8,8.692
霜降,2028,10,23,5,13,0.94
立冬,2028,11,7,5,26,53.96
小雪,2028,11,22,2,54,1.177
大雪,2028,12,6,22,24,18.19
冬至,2028,12,21,16,19,18
小寒,2029,1,5,9,41,32.62
大寒,2029,1,20,3,0,30.86
立春,2029,2,3,21,20,24.09
雨水,2029,2,18,17,7,33.6
@U,2029,3,5,15,17,13.51
春分,2029,3,20,16,1,36.37
清明,2029,4,4,19,57,59.23
b雨,2029,4,20,2,55,19.53
立夏,2029,5,5,13,7,22.34
小M,2029,5,21,1,55,29.59
芒N,2029,6,5,17,9,35.48
夏至,2029,6,21,9,47,54.97
小暑,2029,7,7,3,22,1.357
大暑,2029,7,22,20,41,42.89
立秋,2029,8,7,13,11,21.7
暑,2029,8,23,3,51,13.71
白露,2029,9,7,16,11,30.36
秋分,2029,9,23,1,38,7.202
寒露,2029,10,8,7,57,44.06
霜降,2029,10,23,11,7,44.47
立冬,2029,11,7,11,16,22.07
小雪,2029,11,22,8,48,59.9
大雪,2029,12,7,4,13,24.12
冬至,2029,12,21,22,13,42.85
小寒,2030,1,5,15,30,10.68
大寒,2030,1,20,8,53,59.8
立春,2030,2,4,3,8,4.694
雨水,2030,2,18,22,59,32.67
@U,2030,3,5,21,2,54.52
春分,2030,3,20,21,51,41.89
清明,2030,4,5,1,40,36.43
b雨,2030,4,20,8,43,11.06
立夏,2030,5,5,18,45,54.18
小M,2030,5,21,7,40,41.01
芒N,2030,6,5,22,44,5.851
夏至,2030,6,21,15,30,54.6
小暑,2030,7,7,8,55,4.99
大暑,2030,7,23,2,24,29.43
立秋,2030,8,7,18,46,55.47
暑,2030,8,23,9,35,59.43
白露,2030,9,7,21,52,25.45
秋分,2030,9,23,7,26,28.65
寒露,2030,10,8,13,44,51.69
霜降,2030,10,23,17,0,9.156
立冬,2030,11,7,17,8,19.2
小雪,2030,11,22,14,44,11.29
大雪,2030,12,7,10,7,12.35
冬至,2030,12,22,4,9,12.9
,,,,,,
